no_pkk_inaportnet,no_pkk,zone,status_nota
PKK.DN.IDSMQ.2501.000100,SKJ183000002,ZONA SAMPIT,BELUM VERIFIKASI
PKK.DN.IDKUM.2501.000110,Q2KJ74000001,ZONA KUMAI,BELUM VERIFIKASI
PKK.DN.IDKBU.2501.000177,W3L757000004,ZONA BATULICIN,BELUM VERIFIKASI
PKK.DN.IDKBU.2501.000539,09UH57000001,ZONA BATULICIN,BELUM VERIFIKASI
PKK.DN.IDKBU.2501.000437,IS4257000003,MEKARPUTIH CK BONGKAR MUAT,BELUM VERIFIKASI
PKK.DN.IDKBU.2412.000615,BROO57000001,KOTABARU,BELUM VERIFIKASI
PKK.DN.IDSTU.2501.000013,TPS357000003,ZONA SATUI & BUNATI,BELUM VERIFIKASI
PKK.DN.IDKOE.2501.000100,444C29000028,ZONA KUPANG,BELUM VERIFIKASI
PKK.DN.IDBDJ.2501.002446,6TZG25000044,BANJARMASIN,BELUM VERIFIKASI
PKK.DN.IDBDJ.2501.002003,GT1025000011,BANJARMASIN,BELUM VERIFIKASI
PKK.DN.IDBDJ.2501.000221,T3H725000002,BANJARMASIN,BELUM VERIFIKASI
PKK.DN.IDBDJ.2501.000074,INMU25000012,BANJARMASIN,BELUM VERIFIKASI
PKK.DN.IDSUB.2501.001000,444N13000015,ZONA SURABAYA,BELUM VERIFIKASI
PKK.DN.IDSUB.2501.000981,AJ3313000004,ZONA SURABAYA,BELUM VERIFIKASI
PKK.DN.IDGRE.2501.000707,141A13000005,ZONA GRESIK,BELUM VERIFIKASI
PKK.DN.IDSUB.2501.000940,CJ2213000005,ZONA SURABAYA,BELUM VERIFIKASI
PKK.LN.IDSUB.2501.000801,MEB213000026,ZONA SURABAYA,BELUM VERIFIKASI
PKK.LN.IDSUB.2501.000713,EB8813000026,ZONA SURABAYA,BELUM VERIFIKASI
PKK.DN.IDSUB.2501.000351,C02413000017,ZONA SURABAYA,BELUM VERIFIKASI
PKK.DN.IDSUB.2501.000337,MPI113000024,ZONA SURABAYA,BELUM VERIFIKASI
PKK.DN.IDSUB.2501.000237,PN1413000009,ZONA SURABAYA,BELUM VERIFIKASI
PKK.LN.IDSUB.2501.000223,EB7713000025,ZONA SURABAYA,BELUM VERIFIKASI
PKK.DN.IDSUB.2501.000136,PSS113000001,ZONA SURABAYA,BELUM VERIFIKASI
PKK.DN.IDSRG.2501.000191,ET7F09000001,ZONA SEMARANG,BELUM VERIFIKASI
PKK.DN.IDSRG.2501.000117,101P09000002,ZONA SEMARANG,BELUM VERIFIKASI
PKK.DN.IDKBU.2411.000917,4OL657000007,STS KOTABARU,BELUM VERIFIKASI
PKK.DN.IDBDJ.2412.004003,LS6625000002,BANJARMASIN,BELUM VERIFIKASI
PKK.DN.IDBDJ.2412.003912,SDHE25000034,BANJARMASIN,BELUM VERIFIKASI
PKK.DN.IDBDJ.2412.003868,VXRV25000002,BANJARMASIN,BELUM VERIFIKASI
PKK.DN.IDBDJ.2412.003780,L31825000033,BANJARMASIN,BELUM VERIFIKASI
PKK.DN.IDBDJ.2412.003528,5W5225000037,BANJARMASIN,BELUM VERIFIKASI
PKK.LN.IDBDJ.2412.002999,HI5525000002,BANJARMASIN,BELUM VERIFIKASI
PKK.DN.IDBDJ.2412.002984,SOE725000021,BANJARMASIN,BELUM VERIFIKASI
PKK.DN.IDBDJ.2412.002160,IEGE25000002,BANJARMASIN,BELUM VERIFIKASI
PKK.DN.IDBDJ.2412.000164,GYKK25000001,BANJARMASIN,BELUM VERIFIKASI
PKK.DN.IDBDJ.2409.002835,OMS025000002,BANJARMASIN,BELUM VERIFIKASI
PKK.DN.IDBDJ.2409.000526,INT125000009,BANJARMASIN,BELUM VERIFIKASI
PKK.DN.IDBDJ.2408.003318,8OI625000004,BANJARMASIN,BELUM VERIFIKASI
PKK.DN.IDBDJ.2407.003838,JEB725000001,BANJARMASIN,BELUM VERIFIKASI
PKK.DN.IDBDJ.2406.000768,J1U025000001,BANJARMASIN,BELUM VERIFIKASI
PKK.DN.IDBDJ.2404.001088,FI9625000002,BANJARMASIN,BELUM VERIFIKASI
PKK.DN.IDSUB.2412.001066,NULE13000007,ZONA SURABAYA,BELUM VERIFIKASI
PKK.DN.IDSUB.2412.000696,88OA13000003,ZONA SURABAYA,BELUM VERIFIKASI
PKK.DN.IDSUB.2411.000444,KZOX13000003,ZONA SURABAYA,BELUM VERIFIKASI
PKK.DN.IDBDJ.2312.002443,PC6P25000027,BANJARMASIN,BELUM VERIFIKASI
PKK.DN.IDBDJ.2311.004194,D01125000012,BANJARMASIN,BELUM VERIFIKASI
PKK.DN.IDBDJ.2310.003277,H93P25000022,BANJARMASIN,BELUM VERIFIKASI
PKK.DN.IDBDJ.2310.002826,7HZ425000018,BANJARMASIN,BELUM VERIFIKASI
PKK.DN.IDBDJ.2310.002324,EX6S25000020,BANJARMASIN,BELUM VERIFIKASI
PKK.DN.IDBDJ.2309.002188,5H2E25000006,BANJARMASIN,BELUM VERIFIKASI
PKK.DN.IDBDJ.2308.004158,1T9Q25000003,BANJARMASIN,BELUM VERIFIKASI
PKK.DN.IDKUM.2502.000140,GX2674000001,ZONA BUMIHARJO,BELUM VERIFIKASI
PKK.DN.IDKUM.2404.000048,4OZJ74000001,ZONA BUMIHARJO,BELUM VERIFIKASI
PKK.DN.IDKBU.2502.000311,RYL857000022,MEKARPUTIH,BELUM VERIFIKASI
PKK.DN.IDKBU.2311.000698,KOQT57000001,ZONA BATULICIN,BELUM VERIFIKASI
PKK.DN.IDKBU.2502.000424,TBM257000001,ZONA BATULICIN,BELUM VERIFIKASI
PKK.DN.IDSTU.2502.000275,NSY157000003,ZONA SATUI & BUNATI,BELUM VERIFIKASI
PKK.DN.IDKOE.2502.000129,KN1029000026,ZONA KUPANG,BELUM VERIFIKASI
PKK.DN.IDBDJ.2503.001175,2AN025000009,BANJARMASIN,BELUM VERIFIKASI
PKK.DN.IDBDJ.2503.001026,0GZH25000023,BANJARMASIN,BELUM VERIFIKASI
PKK.DN.IDBDJ.2503.000879,YOHN25000027,BANJARMASIN,BELUM VERIFIKASI
PKK.DN.IDBDJ.2503.000041,4WTV25000005,BANJARMASIN,BELUM VERIFIKASI
PKK.DN.IDBDJ.2502.003084,A02G25000018,BANJARMASIN,BELUM VERIFIKASI
PKK.DN.IDBDJ.2502.002565,SJHT25000005,BANJARMASIN,BELUM VERIFIKASI
PKK.DN.IDBDJ.2502.002336,SS2325000001,BANJARMASIN,BELUM VERIFIKASI
PKK.DN.IDBDJ.2502.001966,X8ZA25000002,BANJARMASIN,BELUM VERIFIKASI
PKK.DN.IDBDJ.2502.001954,O10025000002,BANJARMASIN,BELUM VERIFIKASI
PKK.DN.IDSUB.2502.000783,7BCR13000001,ZONA SURABAYA,BELUM VERIFIKASI
PKK.DN.IDSUB.2502.000763,S19613000005,ZONA SURABAYA,BELUM VERIFIKASI
PKK.LN.IDSUB.2502.000713,8AS213000030,ZONA SURABAYA,BELUM VERIFIKASI
PKK.DN.IDSUB.2502.000468,161A13000016,ZONA SURABAYA,BELUM VERIFIKASI
PKK.DN.IDSUB.2502.000354,DK9913000002,ZONA SURABAYA,BELUM VERIFIKASI
PKK.DN.IDSUB.2502.000157,MDQ913000053,ZONA SURABAYA,BELUM VERIFIKASI
PKK.DN.IDSUB.2501.001113,LU0013000007,ZONA SURABAYA,BELUM VERIFIKASI
PKK.DN.IDBDJ.2412.003390,LMN825000023,BANJARMASIN,BELUM VERIFIKASI
PKK.DN.IDBDJ.2409.001875,QT6525000001,BANJARMASIN,BELUM VERIFIKASI
PKK.DN.IDBDJ.2403.000604,BROO25000003,BANJARMASIN,BELUM VERIFIKASI
PKK.DN.IDSUB.2411.000776,OCP013000001,ZONA SURABAYA,BELUM VERIFIKASI
PKK.DN.IDKBU.2503.000552,RYL857000025,MEKARPUTIH,BELUM VERIFIKASI
PKK.DN.IDSTU.2502.000445,UO2C57000002,ZONA SATUI & BUNATI,BELUM VERIFIKASI
PKK.DN.IDKBU.2502.000703,TVT557000001,KOTABARU,BELUM VERIFIKASI
PKK.DN.IDBDJ.2504.002026,BIL925000020,BANJARMASIN,BELUM VERIFIKASI
PKK.DN.IDBDJ.2504.001810,P5O225000010,BANJARMASIN,BELUM VERIFIKASI
PKK.DN.IDBDJ.2504.000501,V1U425000006,BANJARMASIN,BELUM VERIFIKASI
PKK.DN.IDBDJ.2503.003486,TS9125000009,BANJARMASIN,BELUM VERIFIKASI
PKK.DN.IDBDJ.2503.002949,SLT825000023,BANJARMASIN,BELUM VERIFIKASI
PKK.DN.IDBDJ.2503.002855,XNQ725000008,BANJARMASIN,BELUM VERIFIKASI
PKK.DN.IDBDJ.2503.002723,TS3125000024,BANJARMASIN,BELUM VERIFIKASI
PKK.DN.IDBDJ.2503.002719,35VD25000021,BANJARMASIN,BELUM VERIFIKASI
PKK.DN.IDBDJ.2503.002427,BEP225000009,BANJARMASIN,BELUM VERIFIKASI
PKK.LN.IDBDJ.2503.002274,CJVT25000004,BANJARMASIN,BELUM VERIFIKASI
PKK.DN.IDBDJ.2503.002201,ID1025000039,BANJARMASIN,BELUM VERIFIKASI
PKK.DN.IDBDJ.2503.001786,N0QZ25000032,BANJARMASIN,BELUM VERIFIKASI
PKK.DN.IDBDJ.2503.001757,RLTF25000002,BANJARMASIN,BELUM VERIFIKASI
PKK.DN.IDBDJ.2503.001661,D44J25000056,BANJARMASIN,BELUM VERIFIKASI
PKK.LN.IDBDJ.2503.001135,TLT225000001,BANJARMASIN,BELUM VERIFIKASI
PKK.DN.IDBDJ.2503.000753,A64125000008,BANJARMASIN,BELUM VERIFIKASI
PKK.DN.IDBDJ.2503.000768,35VD25000019,BANJARMASIN,BELUM VERIFIKASI
PKK.DN.IDBDJ.2503.000638,TYDB25000019,BANJARMASIN,BELUM VERIFIKASI
PKK.DN.IDBDJ.2503.000299,TNL225000012,BANJARMASIN,BELUM VERIFIKASI
PKK.DN.IDBDJ.2503.000267,FBI025000079,BANJARMASIN,BELUM VERIFIKASI
PKK.DN.IDSUB.2503.000838,SLU013000009,ZONA SURABAYA,BELUM VERIFIKASI
PKK.DN.IDGRE.2503.000575,533F13000001,ZONA GRESIK,BELUM VERIFIKASI
PKK.DN.IDSUB.2503.000403,D02213000022,ZONA SURABAYA,BELUM VERIFIKASI
PKK.DN.IDSUB.2503.000359,PS6613000019,ZONA SURABAYA,BELUM VERIFIKASI
PKK.DN.IDGRE.2503.000177,MI0013000030,ZONA GRESIK,BELUM VERIFIKASI
PKK.DN.IDSUB.2503.000188,222H13000028,ZONA SURABAYA,BELUM VERIFIKASI
PKK.DN.IDSUB.2503.000116,B04213000011,ZONA SURABAYA,BELUM VERIFIKASI
PKK.DN.IDBDJ.2312.001507,T6M625000027,BANJARMASIN,BELUM VERIFIKASI
PKK.DN.IDSUB.2103.000147,MUI413000001,ZONA SURABAYA,BELUM VERIFIKASI
PKK.DN.IDSMQ.2503.000407,F4WR83000001,ZONA SAMPIT,BELUM VERIFIKASI
PKK.DN.IDKUM.2504.000184,BA5K74000002,ZONA KUMAI,BELUM VERIFIKASI
PKK.DN.IDKUM.2504.000134,LMSJ74000009,ZONA KUMAI,BELUM VERIFIKASI
PKK.LN.IDKBU.2504.000440,YTB657000001,KOTABARU,BELUM VERIFIKASI
PKK.DN.IDSTU.2504.000219,SS2057000002,ZONA SATUI & BUNATI,BELUM VERIFIKASI
PKK.DN.IDBDJ.2505.001822,AG4O25000001,BANJARMASIN,BELUM VERIFIKASI
PKK.DN.IDBDJ.2505.001123,V22X25000003,BANJARMASIN,BELUM VERIFIKASI
PKK.DN.IDBDJ.2504.003400,JGRT25000015,BANJARMASIN,BELUM VERIFIKASI
PKK.DN.IDBDJ.2504.002699,T10025000010,BANJARMASIN,BELUM VERIFIKASI
PKK.LN.IDBDJ.2504.001599,SJA225000001,BANJARMASIN,BELUM VERIFIKASI
PKK.DN.IDBDJ.2504.001327,DIR225000028,BANJARMASIN,BELUM VERIFIKASI
PKK.DN.IDBDJ.2504.001250,NL9025000006,BANJARMASIN,BELUM VERIFIKASI
PKK.LN.IDBDJ.2504.001041,RC0125000001,BANJARMASIN,BELUM VERIFIKASI
PKK.LN.IDBDJ.2504.001010,CPDS25000002,BANJARMASIN,BELUM VERIFIKASI
PKK.DN.IDBDJ.2504.000432,QXOD25000006,BANJARMASIN,BELUM VERIFIKASI
PKK.LN.IDBDJ.2504.000024,CRTA25000005,BANJARMASIN,BELUM VERIFIKASI
PKK.DN.IDBDJ.2503.003505,CIMM25000004,BANJARMASIN,BELUM VERIFIKASI
PKK.DN.IDBDJ.2503.003420,TAXO25000001,BANJARMASIN,BELUM VERIFIKASI
PKK.LN.IDBDJ.2503.003344,300Z25000002,BANJARMASIN,BELUM VERIFIKASI
PKK.DN.IDSUB.2504.000875,T06813000014,ZONA SURABAYA,BELUM VERIFIKASI
PKK.DN.IDGRE.2504.000484,K3R013000001,ZONA GRESIK,BELUM VERIFIKASI
PKK.DN.IDSUB.2504.000596,222T13000002,ZONA SURABAYA,BELUM VERIFIKASI
PKK.DN.IDSUB.2504.000278,DSI013000010,ZONA SURABAYA,BELUM VERIFIKASI
PKK.DN.IDSUB.2504.000120,NKPN13000003,ZONA SURABAYA,BELUM VERIFIKASI
PKK.DN.IDSUB.2504.000106,PK1113000003,ZONA SURABAYA,BELUM VERIFIKASI
PKK.DN.IDSUB.2503.001187,KN5013000013,ZONA SURABAYA,BELUM VERIFIKASI
PKK.DN.IDSRG.2504.000108,TMUR09000002,ZONA SEMARANG,BELUM VERIFIKASI
PKK.DN.IDSRG.2501.000065,ZPN109000003,ZONA SEMARANG,BELUM VERIFIKASI
PKK.DN.IDSUB.2402.001071,SK7213000001,ZONA SURABAYA,BELUM VERIFIKASI
PKK.DN.IDKUM.2505.000131,GORA74000006,ZONA KUMAI,BELUM VERIFIKASI
PKK.DN.IDSTU.2505.000600,LMN857000001,ZONA SATUI & BUNATI,BELUM VERIFIKASI
PKK.DN.IDKBU.2505.000432,BAKB57000021,KOTABARU,BELUM VERIFIKASI
PKK.DN.IDSTU.2505.000013,L6HU57000001,ZONA SATUI & BUNATI,BELUM VERIFIKASI
PKK.DN.IDSTU.2309.000356,640B57000001,ZONA SATUI & BUNATI,BELUM VERIFIKASI
PKK.DN.IDKOE.2505.000060,HG9129000162,ZONA KUPANG,BELUM VERIFIKASI
PKK.DN.IDKOE.2505.000019,MK2229000043,ZONA KUPANG,BELUM VERIFIKASI
PKK.DN.IDBDJ.2506.000950,M1E925000055,BANJARMASIN,BELUM VERIFIKASI
PKK.DN.IDBDJ.2506.000947,WRHP25000003,BANJARMASIN,BELUM VERIFIKASI
PKK.DN.IDBDJ.2506.000304,5U2I25000005,BANJARMASIN,BELUM VERIFIKASI
PKK.DN.IDBDJ.2505.003764,PCF725000012,BANJARMASIN,BELUM VERIFIKASI
PKK.DN.IDBDJ.2505.003677,PBII25000001,BANJARMASIN,BELUM VERIFIKASI
PKK.DN.IDBDJ.2505.003374,E1NW25000001,BANJARMASIN,BELUM VERIFIKASI
PKK.DN.IDBDJ.2505.003245,LH0V25000001,BANJARMASIN,BELUM VERIFIKASI
PKK.DN.IDBDJ.2505.003050,R76J25000119,BANJARMASIN,BELUM VERIFIKASI
PKK.DN.IDBDJ.2505.002793,VXRV25000011,BANJARMASIN,BELUM VERIFIKASI
PKK.LN.IDBDJ.2505.002381,LAFT25000001,BANJARMASIN,BELUM VERIFIKASI
PKK.LN.IDBDJ.2505.002361,CRTA25000007,BANJARMASIN,BELUM VERIFIKASI
PKK.DN.IDBDJ.2505.002213,BRAN25000128,BANJARMASIN,BELUM VERIFIKASI
PKK.DN.IDBDJ.2505.002198,QXOD25000007,BANJARMASIN,BELUM VERIFIKASI
PKK.DN.IDBDJ.2505.002126,BGKU25000128,BANJARMASIN,BELUM VERIFIKASI
PKK.DN.IDBDJ.2505.001955,FDL225000005,BANJARMASIN,BELUM VERIFIKASI
PKK.DN.IDBDJ.2505.001904,2W0H25000023,BANJARMASIN,BELUM VERIFIKASI
PKK.DN.IDBDJ.2505.001845,S24225000026,BANJARMASIN,BELUM VERIFIKASI
PKK.DN.IDBDJ.2505.001441,BNX925000017,BANJARMASIN,BELUM VERIFIKASI
PKK.DN.IDBDJ.2505.001399,LNH325000027,BANJARMASIN,BELUM VERIFIKASI
PKK.DN.IDBDJ.2505.001390,9AJ325000108,BANJARMASIN,BELUM VERIFIKASI
PKK.DN.IDBDJ.2505.001293,84K125000001,BANJARMASIN,BELUM VERIFIKASI
PKK.DN.IDBDJ.2505.000956,SL0025000011,BANJARMASIN,BELUM VERIFIKASI
PKK.DN.IDBDJ.2505.000731,GA0225000022,BANJARMASIN,BELUM VERIFIKASI
PKK.DN.IDBDJ.2505.000704,VW0M25000009,BANJARMASIN,BELUM VERIFIKASI
PKK.DN.IDBDJ.2505.000539,8QN625000032,BANJARMASIN,BELUM VERIFIKASI
PKK.DN.IDBDJ.2505.000519,FM6P25000114,BANJARMASIN,BELUM VERIFIKASI
PKK.DN.IDBDJ.2505.000308,121L25000126,BANJARMASIN,BELUM VERIFIKASI
PKK.LN.IDBDJ.2504.003500,LATO25000001,BANJARMASIN,BELUM VERIFIKASI
PKK.DN.IDBDJ.2504.003249,R2UP25000001,BANJARMASIN,BELUM VERIFIKASI
PKK.LN.IDSUB.2505.001120,TN9M13000001,ZONA SURABAYA,BELUM VERIFIKASI
PKK.DN.IDSUB.2505.001106,777P13000011,ZONA SURABAYA,BELUM VERIFIKASI
PKK.DN.IDGRE.2505.000678,V6TP13000001,ZONA GRESIK,BELUM VERIFIKASI
PKK.DN.IDGRE.2505.000489,8M8013000006,ZONA GRESIK,BELUM VERIFIKASI
PKK.DN.IDSUB.2505.000702,AR6Z13000001,ZONA GRESIK,BELUM VERIFIKASI
PKK.DN.IDSUB.2505.000427,4TTS13000002,ZONA SURABAYA,BELUM VERIFIKASI
PKK.DN.IDSRG.2505.000339,WPA009000011,ZONA SEMARANG,BELUM VERIFIKASI
PKK.DN.IDKUM.2506.000148,AG1974000002,ZONA KUMAI,BELUM VERIFIKASI
PKK.DN.IDKUM.2506.000125,554Y74000004,ZONA BUMIHARJO,BELUM VERIFIKASI
PKK.DN.IDKUM.2506.000073,SECY74000002,ZONA KUMAI,BELUM VERIFIKASI
PKK.DN.IDKBU.2502.000654,NXRS57000002,ZONA BATULICIN,BELUM VERIFIKASI
PKK.DN.IDBDJ.2507.002538,SOEK25000030,BANJARMASIN,BELUM VERIFIKASI
PKK.DN.IDBDJ.2507.001158,IWGK25000007,BANJARMASIN-TUKS,BELUM VERIFIKASI
PKK.DN.IDBDJ.2507.001133,PC0925000006,BANJARMASIN,BELUM VERIFIKASI
PKK.DN.IDBDJ.2507.000727,PUA525000037,BANJARMASIN,BELUM VERIFIKASI
PKK.DN.IDBDJ.2506.003282,2VRY25000044,BANJARMASIN,BELUM VERIFIKASI
PKK.DN.IDBDJ.2506.003096,BUUN25000109,BANJARMASIN,BELUM VERIFIKASI
PKK.DN.IDBDJ.2506.002820,666D25000019,BANJARMASIN,BELUM VERIFIKASI
PKK.DN.IDBDJ.2506.002416,H0XN25000078,BANJARMASIN,BELUM VERIFIKASI
PKK.DN.IDBDJ.2506.002153,GS1625000038,BANJARMASIN,BELUM VERIFIKASI
PKK.LN.IDBDJ.2506.002086,WGO325000001,BANJARMASIN,BELUM VERIFIKASI
PKK.DN.IDBDJ.2506.001881,LPC125000005,BANJARMASIN,BELUM VERIFIKASI
PKK.DN.IDBDJ.2506.001654,N3AO25000019,BANJARMASIN,BELUM VERIFIKASI
PKK.DN.IDBDJ.2506.001496,DIR225000032,BANJARMASIN,BELUM VERIFIKASI
PKK.DN.IDBDJ.2506.001383,SUP125000005,BANJARMASIN,BELUM VERIFIKASI
PKK.DN.IDBDJ.2505.003740,PA5R25000001,BANJARMASIN,BELUM VERIFIKASI
PKK.DN.IDBDJ.2506.000823,BW0Y25000103,BANJARMASIN,BELUM VERIFIKASI
PKK.DN.IDBDJ.2506.000343,JVE125000001,BANJARMASIN,BELUM VERIFIKASI
PKK.DN.IDBDJ.2506.000193,14IX25000003,BANJARMASIN,BELUM VERIFIKASI
PKK.DN.IDBDJ.2506.000160,B30625000015,BANJARMASIN,BELUM VERIFIKASI
PKK.DN.IDBDJ.2506.000114,4MPE25000115,BANJARMASIN,BELUM VERIFIKASI
PKK.DN.IDBDJ.2506.000025,M1B025000049,BANJARMASIN,BELUM VERIFIKASI
PKK.DN.IDBDJ.2505.003704,SAY125000002,BANJARMASIN,BELUM VERIFIKASI
PKK.DN.IDBDJ.2502.000882,J1U025000002,BANJARMASIN,BELUM VERIFIKASI
PKK.DN.IDSUB.2506.000981,WIWY13000001,ZONA SURABAYA,BELUM VERIFIKASI
PKK.DN.IDSUB.2506.000818,UNN913000001,ZONA SURABAYA,BELUM VERIFIKASI
PKK.DN.IDGRE.2506.000347,S21013000011,ZONA GRESIK,BELUM VERIFIKASI
PKK.DN.IDSUB.2506.000461,SN5113000004,ZONA SURABAYA,BELUM VERIFIKASI
PKK.DN.IDGRE.2506.000114,QM3D13000002,ZONA GRESIK,BELUM VERIFIKASI
PKK.DN.IDSUB.2505.001251,BS1313000028,ZONA SURABAYA,BELUM VERIFIKASI
PKK.DN.IDSRG.2506.000245,BPA009000003,ZONA SEMARANG,BELUM VERIFIKASI
PKK.DN.IDKUM.2410.000035,R3YS74000001,ZONA KUMAI,BELUM VERIFIKASI
PKK.DN.IDBDJ.2411.003732,SO2025000030,BANJARMASIN,BELUM VERIFIKASI
PKK.DN.IDBDJ.2310.002557,E10F25000016,BANJARMASIN,BELUM VERIFIKASI
PKK.DN.IDSMQ.2507.000450,W25083000004,ZONA SAMPIT,BELUM VERIFIKASI
PKK.DN.IDSMQ.2507.000425,SUWE83000004,ZONA SAMPIT,BELUM VERIFIKASI
PKK.DN.IDSMQ.2507.000423,BX2283000001,ZONA SAMPIT,BELUM VERIFIKASI
PKK.DN.IDSMQ.2507.000349,H0AH83000004,ZONA SAMPIT,BELUM VERIFIKASI
PKK.DN.IDSMQ.2507.000148,B50183000010,ZONA SAMPIT,BELUM VERIFIKASI
PKK.DN.IDSMQ.2507.000134,SJ2383000001,ZONA SAMPIT,BELUM VERIFIKASI
PKK.DN.IDSMQ.2507.000045,SKI283000003,ZONA SAMPIT,BELUM VERIFIKASI
PKK.DN.IDSMQ.2506.000480,NE3483000002,ZONA SAMPIT,BELUM VERIFIKASI
PKK.DN.IDSMQ.2506.000357,X4NT83000002,ZONA SAMPIT,BELUM VERIFIKASI
PKK.DN.IDKUM.2507.000151,AG1974000003,ZONA KUMAI,BELUM VERIFIKASI
PKK.DN.IDKUM.2507.000017,SECY74000003,ZONA KUMAI,BELUM VERIFIKASI
PKK.DN.IDKUM.2504.000129,EIX374000001,ZONA BUMIHARJO,BELUM VERIFIKASI
PKK.DN.IDKBU.2507.000510,GZVV57000008,ZONA BATULICIN,BELUM VERIFIKASI
PKK.DN.IDKBU.2507.000233,PAA157000004,KOTABARU,BELUM VERIFIKASI
PKK.DN.IDSTU.2507.000106,FTQE57000003,ZONA SATUI & BUNATI,BELUM VERIFIKASI
PKK.DN.IDKBU.2507.000120,KSY357000003,KOTABARU,BELUM VERIFIKASI
PKK.DN.IDBOA.2507.000268,CKAG27000001,ZONA BENOA,BELUM VERIFIKASI
PKK.DN.IDBDJ.2508.001716,T25825000012,BANJARMASIN,BELUM VERIFIKASI
PKK.DN.IDBDJ.2508.000975,BIIQ25000020,BANJARMASIN,BELUM VERIFIKASI
PKK.DN.IDBDJ.2507.003442,HN9925000024,BANJARMASIN,BELUM VERIFIKASI
PKK.DN.IDBDJ.2507.003294,P00025000001,BANJARMASIN,BELUM VERIFIKASI
PKK.DN.IDBDJ.2507.003269,MHNO25000001,BANJARMASIN,BELUM VERIFIKASI
PKK.DN.IDBDJ.2507.003169,K5IR25000002,BANJARMASIN,BELUM VERIFIKASI
PKK.DN.IDBDJ.2507.003080,ZSVE25000012,BANJARMASIN,BELUM VERIFIKASI
PKK.DN.IDBDJ.2507.002743,9UV925000001,BANJARMASIN,BELUM VERIFIKASI
PKK.DN.IDBDJ.2507.002250,666D25000022,BANJARMASIN,BELUM VERIFIKASI
PKK.DN.IDBDJ.2507.002189,TH2225000063,BANJARMASIN,BELUM VERIFIKASI
PKK.DN.IDBDJ.2507.001985,Q6QP25000111,BANJARMASIN,BELUM VERIFIKASI
PKK.DN.IDBDJ.2507.001172,EUXB25000038,BANJARMASIN,BELUM VERIFIKASI
PKK.DN.IDBDJ.2507.000950,P6BW25000001,BANJARMASIN,BELUM VERIFIKASI
PKK.DN.IDBDJ.2507.000908,BZQ025000002,BANJARMASIN,BELUM VERIFIKASI
PKK.DN.IDBDJ.2507.000825,SOU225000037,BANJARMASIN,BELUM VERIFIKASI
PKK.DN.IDBDJ.2507.000544,H93P25000108,BANJARMASIN,BELUM VERIFIKASI
PKK.DN.IDBDJ.2506.003456,F9UF25000001,BANJARMASIN,BELUM VERIFIKASI
PKK.DN.IDBDJ.2506.003440,4DDU25000001,BANJARMASIN,BELUM VERIFIKASI
PKK.DN.IDBDJ.2506.002984,AFDU25000008,BANJARMASIN,BELUM VERIFIKASI
PKK.DN.IDBDJ.2503.002618,G2SA25000014,BANJARMASIN,BELUM VERIFIKASI
PKK.LN.IDSUB.2507.001153,RP4B13000001,ZONA SURABAYA,BELUM VERIFIKASI
PKK.DN.IDGRE.2507.000809,3TZY13000009,ZONA GRESIK,BELUM VERIFIKASI
PKK.DN.IDGRE.2507.000792,MOA713000001,ZONA GRESIK,BELUM VERIFIKASI
PKK.DN.IDGRE.2507.000778,5C0Q13000017,ZONA GRESIK,BELUM VERIFIKASI
PKK.DN.IDSUB.2507.001022,SI7713000027,ZONA SURABAYA,BELUM VERIFIKASI
PKK.DN.IDSUB.2507.000959,JJF213000001,ZONA GRESIK,BELUM VERIFIKASI
PKK.DN.IDSUB.2507.000847,S09213000001,ZONA SURABAYA,BELUM VERIFIKASI
PKK.DN.IDSUB.2507.000726,555F13000009,ZONA SURABAYA,BELUM VERIFIKASI
PKK.DN.IDSUB.2507.000607,FA0013000034,ZONA SURABAYA,BELUM VERIFIKASI
PKK.DN.IDSUB.2507.000500,WUC513000005,ZONA SURABAYA,BELUM VERIFIKASI
PKK.DN.IDGRE.2410.000368,S85513000010,ZONA GRESIK,BELUM VERIFIKASI
PKK.DN.IDSUB.2507.000083,333I13000026,ZONA SURABAYA,BELUM VERIFIKASI
PKK.DN.IDGRE.2507.000039,YNSU13000001,ZONA GRESIK,BELUM VERIFIKASI
PKK.DN.IDSRG.2507.000078,AUDY09000005,ZONA SEMARANG,BELUM VERIFIKASI
PKK.DN.IDBDJ.2412.000678,BS8125000002,BANJARMASIN,BELUM VERIFIKASI
PKK.DN.IDBDJ.2310.002318,TB5C25000019,BANJARMASIN,BELUM VERIFIKASI
PKK.DN.IDBDJ.2208.000380,4H9925000001,BANJARMASIN,BELUM VERIFIKASI
PKK.DN.IDSMQ.2508.000425,V28883000004,ZONA SAMPIT,BELUM VERIFIKASI
PKK.DN.IDSMQ.2508.000175,LLUY83000003,ZONA SAMPIT,BELUM VERIFIKASI
PKK.DN.IDSMQ.2508.000110,GHIY83000004,ZONA SAMPIT,BELUM VERIFIKASI
PKK.DN.IDSMQ.2508.000070,TH2883000001,ZONA SAMPIT,BELUM VERIFIKASI
PKK.DN.IDSMQ.2508.000063,RY2583000002,ZONA SAMPIT,BELUM VERIFIKASI
PKK.DN.IDSMQ.2508.000051,SL9083000001,ZONA SAMPIT,BELUM VERIFIKASI
PKK.DN.IDSMQ.2508.000033,KKJQ83000004,ZONA SAMPIT,BELUM VERIFIKASI
PKK.DN.IDSMQ.2508.000012,SBGA83000003,ZONA SAMPIT,BELUM VERIFIKASI
PKK.DN.IDSMQ.2501.000200,G4FG83000001,ZONA SAMPIT,BELUM VERIFIKASI
PKK.DN.IDKUM.2508.000123,AG1374000004,ZONA KUMAI,BELUM VERIFIKASI
PKK.DN.IDKUM.2405.000007,BOLB74000001,ZONA BUMIHARJO,BELUM VERIFIKASI
PKK.DN.IDKUM.2507.000167,MAB874000001,ZONA KUMAI,BELUM VERIFIKASI
PKK.DN.IDKUM.2505.000118,N40K74000001,ZONA KUMAI,BELUM VERIFIKASI
PKK.DN.IDKUM.2408.000126,342Z74000001,ZONA BUMIHARJO,BELUM VERIFIKASI
PKK.DN.IDKBU.2504.000222,1V1F57000001,STS KOTABARU,BELUM VERIFIKASI
PKK.DN.IDKBU.2508.000539,VDCE57000001,KOTABARU,BELUM VERIFIKASI
PKK.DN.IDKBU.2508.000035,K31657000002,ZONA BATULICIN,BELUM VERIFIKASI
PKK.DN.IDKBU.2508.000376,TG1557000001,KOTABARU,BELUM VERIFIKASI
PKK.DN.IDSTU.2508.000494,KOQT57000004,ZONA SATUI & BUNATI,BELUM VERIFIKASI
PKK.DN.IDKBU.2508.000464,OB2V57000005,KOTABARU,BELUM VERIFIKASI
PKK.DN.IDKBU.2508.000336,471N57000001,ZONA BATULICIN,BELUM VERIFIKASI
PKK.DN.IDSTU.2508.000247,32G457000002,ZONA SATUI & BUNATI,BELUM VERIFIKASI
PKK.DN.IDKBU.2506.000009,DT0257000001,KOTABARU,BELUM VERIFIKASI
PKK.DN.IDKBU.2504.000075,CU0157000005,STS KOTABARU,BELUM VERIFIKASI
PKK.DN.IDKOE.2508.000130,MDY529000007,ZONA KUPANG,BELUM VERIFIKASI
PKK.DN.IDBDJ.2509.003380,201225000037,BANJARMASIN,BELUM VERIFIKASI
PKK.DN.IDBDJ.2509.002099,OY3T25000079,BANJARMASIN,BELUM VERIFIKASI
PKK.DN.IDBDJ.2509.001462,MVOY25000002,BANJARMASIN,BELUM VERIFIKASI
PKK.DN.IDBDJ.2509.001489,DZMM25000001,BANJARMASIN,BELUM VERIFIKASI
PKK.DN.IDBDJ.2508.004189,VS3325000038,BANJARMASIN,BELUM VERIFIKASI
PKK.DN.IDBDJ.2508.004179,R76J25000137,BANJARMASIN,BELUM VERIFIKASI
PKK.DN.IDBDJ.2508.004126,A37A25000009,BANJARMASIN,BELUM VERIFIKASI
PKK.DN.IDBDJ.2209.001636,TLH525000001,BANJARMASIN,BELUM VERIFIKASI
PKK.DN.IDBDJ.2508.003740,QO0H25000004,BANJARMASIN,BELUM VERIFIKASI
PKK.DN.IDBDJ.2508.003721,H30125000040,BANJARMASIN,BELUM VERIFIKASI
PKK.DN.IDBDJ.2508.003720,FYCL25000094,BANJARMASIN,BELUM VERIFIKASI
PKK.DN.IDBDJ.2508.003714,ZKOB25000002,BANJARMASIN,BELUM VERIFIKASI
PKK.DN.IDBDJ.2508.003645,6FRW25000008,BANJARMASIN,BELUM VERIFIKASI
PKK.DN.IDBDJ.2508.003633,E0PR25000003,BANJARMASIN,BELUM VERIFIKASI
PKK.DN.IDBDJ.2508.003547,F68H25000001,BANJARMASIN,BELUM VERIFIKASI
PKK.DN.IDBDJ.2508.003537,ICQF25000001,BANJARMASIN,BELUM VERIFIKASI
PKK.DN.IDBDJ.2508.003306,VRGS25000013,BANJARMASIN,BELUM VERIFIKASI
PKK.DN.IDBDJ.2508.003153,PC0925000011,BANJARMASIN,BELUM VERIFIKASI
PKK.DN.IDBDJ.2508.003027,S29125000024,BANJARMASIN,BELUM VERIFIKASI
PKK.DN.IDBDJ.2508.002998,09UH25000003,BANJARMASIN,BELUM VERIFIKASI
PKK.DN.IDBDJ.2508.002985,S35725000035,BANJARMASIN,BELUM VERIFIKASI
PKK.LN.IDBDJ.2508.002741,300Z25000004,BANJARMASIN,BELUM VERIFIKASI
PKK.DN.IDBDJ.2508.002530,QNLS25000011,BANJARMASIN,BELUM VERIFIKASI
PKK.DN.IDBDJ.2508.002295,5LT025000026,BANJARMASIN,BELUM VERIFIKASI
PKK.DN.IDBDJ.2508.001974,MZB125000067,BANJARMASIN,BELUM VERIFIKASI
PKK.DN.IDBDJ.2508.001872,L42M25000001,BANJARMASIN,BELUM VERIFIKASI
PKK.DN.IDBDJ.2508.001823,BNN825000029,BANJARMASIN,BELUM VERIFIKASI
PKK.DN.IDBDJ.2508.001740,OII625000008,BANJARMASIN,BELUM VERIFIKASI
PKK.DN.IDBDJ.2508.001509,7HZ425000094,BANJARMASIN,BELUM VERIFIKASI
PKK.LN.IDBDJ.2508.001398,BGAS25000004,BANJARMASIN,BELUM VERIFIKASI
PKK.DN.IDBDJ.2508.001076,L85D25000091,BANJARMASIN,BELUM VERIFIKASI
PKK.DN.IDBDJ.2508.000946,O20025000002,BANJARMASIN,BELUM VERIFIKASI
PKK.DN.IDBDJ.2508.000842,5L6125000065,BANJARMASIN,BELUM VERIFIKASI
PKK.DN.IDBDJ.2508.000503,N0QZ25000042,BANJARMASIN,BELUM VERIFIKASI
PKK.DN.IDBDJ.2508.000135,SD1025000028,BANJARMASIN,BELUM VERIFIKASI
PKK.DN.IDBDJ.2507.004005,SWN825000023,BANJARMASIN,BELUM VERIFIKASI
PKK.DN.IDBDJ.2507.003651,OW1Q25000011,BANJARMASIN,BELUM VERIFIKASI
PKK.LN.IDBDJ.2507.003414,GUBT25000002,BANJARMASIN,BELUM VERIFIKASI
PKK.DN.IDBDJ.2507.003228,0QLW25000001,BANJARMASIN,BELUM VERIFIKASI
PKK.DN.IDBJU.2508.000070,SN9123000077,ZONA TANJUNG WANGI,BELUM VERIFIKASI
PKK.DN.IDGRE.2508.000746,DSI113000005,ZONA GRESIK,BELUM VERIFIKASI
PKK.DN.IDSUB.2508.000988,MD2213000010,ZONA SURABAYA,BELUM VERIFIKASI
PKK.LN.IDSUB.2508.000846,MMPE13000001,ZONA SURABAYA,BELUM VERIFIKASI
PKK.DN.IDSUB.2508.000796,SN7113000003,ZONA SURABAYA,BELUM VERIFIKASI
PKK.DN.IDSUB.2508.000791,S17513000011,ZONA SURABAYA,BELUM VERIFIKASI
PKK.DN.IDSUB.2508.000666,CS4413000009,ZONA SURABAYA,BELUM VERIFIKASI
PKK.DN.IDGRE.2508.000490,E2X013000004,ZONA GRESIK,BELUM VERIFIKASI
PKK.DN.IDSUB.2508.000499,E19213000008,ZONA SURABAYA,BELUM VERIFIKASI
PKK.LN.IDSUB.2508.000272,WZQT13000001,ZONA SURABAYA,BELUM VERIFIKASI
PKK.DN.IDSUB.2508.000167,P80013000016,ZONA SURABAYA,BELUM VERIFIKASI
PKK.DN.IDGRE.2508.000045,PI9913000034,ZONA GRESIK,BELUM VERIFIKASI
PKK.DN.IDSUB.2508.000026,PSAK13000010,ZONA SURABAYA,BELUM VERIFIKASI
PKK.DN.IDSUB.2507.001253,W2T113000009,ZONA SURABAYA,BELUM VERIFIKASI
PKK.DN.IDSUB.2507.001226,DN2213000003,ZONA SURABAYA,BELUM VERIFIKASI
PKK.DN.IDSRG.2508.000194,WVI809000002,ZONA SEMARANG,BELUM VERIFIKASI
PKK.DN.IDSRG.2508.000147,CE0009000002,ZONA SEMARANG,BELUM VERIFIKASI
PKK.DN.IDSRG.2508.000076,C03309000001,ZONA SEMARANG,BELUM VERIFIKASI
PKK.DN.IDBDJ.2209.000276,PB6625000001,BANJARMASIN-TUKS,BELUM VERIFIKASI
PKK.DN.IDSUB.2412.000332,CB0013000019,ZONA GRESIK,BELUM VERIFIKASI
PKK.DN.IDSUB.2408.000763,545S13000001,ZONA SURABAYA,BELUM VERIFIKASI
PKK.DN.IDSMQ.2509.000509,4MBE83000006,ZONA BAGENDANG,BELUM VERIFIKASI
PKK.DN.IDSMQ.2509.000467,3B8E83000002,ZONA SAMPIT,BELUM VERIFIKASI
PKK.DN.IDSMQ.2509.000464,SEN583000001,ZONA SAMPIT,BELUM VERIFIKASI
PKK.DN.IDSMQ.2509.000463,BS3383000003,ZONA SAMPIT,BELUM VERIFIKASI
PKK.DN.IDSMQ.2509.000460,TSX383000005,ZONA SAMPIT,BELUM VERIFIKASI
PKK.DN.IDSMQ.2509.000459,TSX883000010,ZONA SAMPIT,BELUM VERIFIKASI
PKK.DN.IDSMQ.2509.000452,906R83000004,ZONA SAMPIT,BELUM VERIFIKASI
PKK.DN.IDSMQ.2509.000448,2W8L83000002,ZONA SAMPIT,BELUM VERIFIKASI
PKK.DN.IDSMQ.2509.000434,B10C83000006,ZONA SAMPIT,BELUM VERIFIKASI
PKK.DN.IDSMQ.2509.000408,T00383000007,ZONA SAMPIT,BELUM VERIFIKASI
PKK.DN.IDSMQ.2509.000373,444O83000002,ZONA SAMPIT,BELUM VERIFIKASI
PKK.DN.IDSMQ.2509.000337,PCA383000008,ZONA SAMPIT,BELUM VERIFIKASI
PKK.DN.IDSMQ.2509.000229,4CPB83000001,ZONA SAMPIT,BELUM VERIFIKASI
PKK.DN.IDSMQ.2509.000226,D09R83000011,ZONA SAMPIT,BELUM VERIFIKASI
PKK.DN.IDSMQ.2509.000179,I72Q83000002,ZONA SAMPIT,BELUM VERIFIKASI
PKK.DN.IDSMQ.2509.000106,K4PM83000001,ZONA SAMPIT,BELUM VERIFIKASI
PKK.DN.IDSMQ.2509.000097,JYIQ83000007,ZONA SAMPIT,BELUM VERIFIKASI
PKK.DN.IDSMQ.2509.000061,BMTA83000001,ZONA SAMPIT,BELUM VERIFIKASI
PKK.DN.IDSMQ.2509.000038,E72983000002,ZONA SAMPIT,BELUM VERIFIKASI
PKK.DN.IDSMQ.2508.000433,BO1483000003,ZONA SAMPIT,BELUM VERIFIKASI
PKK.DN.IDKUM.2509.000077,XOXS74000001,ZONA KUMAI,BELUM VERIFIKASI
PKK.DN.IDKUM.2509.000060,SECY74000005,ZONA KUMAI,BELUM VERIFIKASI
PKK.DN.IDKUM.2508.000177,GORA74000010,ZONA KUMAI,BELUM VERIFIKASI
PKK.DN.IDCEB.2509.000033,TLV060000016,ZONA UMUM CELUKAN BAWANG,BELUM VERIFIKASI
PKK.DN.IDKBU.2509.000712,S16357000081,ZONA BATULICIN,BELUM VERIFIKASI
PKK.DN.IDSTU.2509.000567,PA5R57000001,ZONA SATUI & BUNATI,BELUM VERIFIKASI
PKK.DN.IDSTU.2509.000527,272P57000002,ZONA SATUI & BUNATI,BELUM VERIFIKASI
PKK.DN.IDSTU.2509.000329,502657000007,ZONA SATUI & BUNATI,BELUM VERIFIKASI
PKK.DN.IDSTU.2509.000479,96DJ57000002,ZONA SATUI & BUNATI,BELUM VERIFIKASI
PKK.DN.IDKBU.2509.000651,WAS157000004,KOTABARU,BELUM VERIFIKASI
PKK.DN.IDKBU.2509.000601,S6MD57000004,KOTABARU,BELUM VERIFIKASI
PKK.DN.IDKBU.2509.000487,I28957000005,KOTABARU,BELUM VERIFIKASI
PKK.DN.IDSTU.2509.000111,A98957000003,ZONA SATUI & BUNATI,BELUM VERIFIKASI
PKK.DN.IDKBU.2508.000554,CL1357000001,ZONA BATULICIN,BELUM VERIFIKASI
PKK.DN.IDKOE.2509.000173,CN1329000035,ZONA KUPANG,BELUM VERIFIKASI
PKK.DN.IDCXP.2509.000099,T32226000023,TANJUNG INTAN,BELUM VERIFIKASI
PKK.DN.IDBDJ.2509.003746,U4G425000075,BANJARMASIN,BELUM VERIFIKASI
PKK.DN.IDBDJ.2509.003578,MG3Q25000004,BANJARMASIN,BELUM VERIFIKASI
PKK.DN.IDBDJ.2509.003523,I0PP25000062,BANJARMASIN,BELUM VERIFIKASI
PKK.DN.IDBDJ.2509.003511,N6IM25000003,BANJARMASIN,BELUM VERIFIKASI
PKK.DN.IDBDJ.2509.003501,TVJ125000005,BANJARMASIN,BELUM VERIFIKASI
PKK.DN.IDBDJ.2509.003427,MU0025000257,BANJARMASIN,BELUM VERIFIKASI
PKK.DN.IDBDJ.2509.003417,IL9D25000121,BANJARMASIN,BELUM VERIFIKASI
PKK.DN.IDBDJ.2509.003082,P03025000015,BANJARMASIN,BELUM VERIFIKASI
PKK.DN.IDBDJ.2509.002841,RM6725000037,BANJARMASIN,BELUM VERIFIKASI
PKK.DN.IDBDJ.2509.002993,LYL225000004,BANJARMASIN,BELUM VERIFIKASI
PKK.DN.IDBDJ.2509.002876,3S9K25000011,BANJARMASIN,BELUM VERIFIKASI
PKK.DN.IDBDJ.2509.002864,PYJF25000013,BANJARMASIN,BELUM VERIFIKASI
PKK.DN.IDBDJ.2509.002821,VS2325000011,BANJARMASIN,BELUM VERIFIKASI
PKK.DN.IDBDJ.2509.002817,5XQQ25000003,BANJARMASIN,BELUM VERIFIKASI
PKK.DN.IDBDJ.2509.002794,666L25000045,BANJARMASIN,BELUM VERIFIKASI
PKK.DN.IDBDJ.2509.002669,TG1625000001,BANJARMASIN,BELUM VERIFIKASI
PKK.DN.IDBDJ.2509.002639,5T5S25000025,BANJARMASIN,BELUM VERIFIKASI
PKK.DN.IDBDJ.2509.002605,EH0325000053,BANJARMASIN,BELUM VERIFIKASI
PKK.DN.IDBDJ.2509.002595,111W25000003,BANJARMASIN,BELUM VERIFIKASI
PKK.DN.IDBDJ.2509.002557,NJ1125000013,BANJARMASIN,BELUM VERIFIKASI
PKK.DN.IDBDJ.2509.002538,8AR225000039,BANJARMASIN,BELUM VERIFIKASI
PKK.DN.IDBDJ.2509.002424,55ZS25000002,BANJARMASIN,BELUM VERIFIKASI
PKK.DN.IDBDJ.2509.002399,EEAA25000033,BANJARMASIN,BELUM VERIFIKASI
PKK.DN.IDBDJ.2509.002372,B03025000006,BANJARMASIN,BELUM VERIFIKASI
PKK.DN.IDBDJ.2509.002286,RL1825000020,BANJARMASIN,BELUM VERIFIKASI
PKK.DN.IDBDJ.2509.002268,2AN025000015,BANJARMASIN,BELUM VERIFIKASI
PKK.DN.IDBDJ.2509.002232,S1HR25000037,BANJARMASIN,BELUM VERIFIKASI
PKK.DN.IDBDJ.2509.002091,2UCM25000095,BANJARMASIN,BELUM VERIFIKASI
PKK.DN.IDBDJ.2509.002024,A0MP25000132,BANJARMASIN,BELUM VERIFIKASI
PKK.DN.IDBDJ.2509.001901,TDMZ25000003,BANJARMASIN,BELUM VERIFIKASI
PKK.DN.IDBDJ.2509.000773,JVIH25000001,BANJARMASIN,BELUM VERIFIKASI
PKK.DN.IDBDJ.2509.001830,BGKU25000155,BANJARMASIN,BELUM VERIFIKASI
PKK.DN.IDBDJ.2509.001728,O5PI25000103,BANJARMASIN,BELUM VERIFIKASI
PKK.LN.IDBDJ.2509.001512,T3C425000006,BANJARMASIN,BELUM VERIFIKASI
PKK.DN.IDBDJ.2509.001460,ML2225000005,BANJARMASIN,BELUM VERIFIKASI
PKK.DN.IDBDJ.2509.001355,ELER25000007,BANJARMASIN,BELUM VERIFIKASI
PKK.DN.IDBDJ.2509.001287,W70325000031,BANJARMASIN,BELUM VERIFIKASI
PKK.DN.IDBDJ.2509.001215,YM9W25000006,BANJARMASIN,BELUM VERIFIKASI
PKK.DN.IDBDJ.2509.001190,BC7J25000001,BANJARMASIN,BELUM VERIFIKASI
PKK.DN.IDBDJ.2509.001127,D5J225000115,BANJARMASIN,BELUM VERIFIKASI
PKK.LN.IDBDJ.2509.001110,BGAS25000006,BANJARMASIN,BELUM VERIFIKASI
PKK.DN.IDBDJ.2509.001096,TG1225000013,BANJARMASIN,BELUM VERIFIKASI
PKK.DN.IDBDJ.2509.001078,BHS225000020,BANJARMASIN,BELUM VERIFIKASI
PKK.DN.IDBDJ.2509.001063,SL2825000022,BANJARMASIN,BELUM VERIFIKASI
PKK.DN.IDBDJ.2509.000883,JY2725000002,BANJARMASIN,BELUM VERIFIKASI
PKK.DN.IDBDJ.2509.000612,SM0925000005,BANJARMASIN,BELUM VERIFIKASI
PKK.DN.IDBDJ.2509.000465,8Z8025000010,BANJARMASIN,BELUM VERIFIKASI
PKK.DN.IDBDJ.2509.000170,YZVT25000004,BANJARMASIN,BELUM VERIFIKASI
PKK.DN.IDBDJ.2509.000067,XG7Y25000012,BANJARMASIN,BELUM VERIFIKASI
PKK.DN.IDBDJ.2508.004378,2EA225000009,BANJARMASIN,BELUM VERIFIKASI
PKK.DN.IDBDJ.2508.004342,5XTI25000021,BANJARMASIN,BELUM VERIFIKASI
PKK.DN.IDBDJ.2508.004315,GD0325000024,BANJARMASIN,BELUM VERIFIKASI
PKK.DN.IDBDJ.2508.004289,FYCL25000095,BANJARMASIN,BELUM VERIFIKASI
PKK.DN.IDBDJ.2508.003297,IN2725000005,BANJARMASIN,BELUM VERIFIKASI
PKK.DN.IDBDJ.2507.003591,QI9S25000001,BANJARMASIN,BELUM VERIFIKASI
PKK.DN.IDBDJ.2507.002385,IE8Z25000001,BANJARMASIN,BELUM VERIFIKASI
PKK.DN.IDBDJ.2506.001236,5XQQ25000001,BANJARMASIN,BELUM VERIFIKASI
PKK.DN.IDBDJ.2505.000559,CS4025000011,BANJARMASIN,BELUM VERIFIKASI
PKK.DN.IDBDJ.2502.000708,KAA525000004,BANJARMASIN,BELUM VERIFIKASI
PKK.DN.IDGRE.2509.000779,GO9013000002,ZONA GRESIK,BELUM VERIFIKASI
PKK.DN.IDGRE.2509.000766,AP6613000014,ZONA GRESIK,BELUM VERIFIKASI
PKK.DN.IDSUB.2509.001062,IHPM13000009,ZONA SURABAYA,BELUM VERIFIKASI
PKK.DN.IDGRE.2509.000731,ID9113000019,ZONA GRESIK,BELUM VERIFIKASI
PKK.DN.IDSUB.2506.000327,LD1013000004,ZONA SURABAYA,BELUM VERIFIKASI
PKK.DN.IDSUB.2509.001040,EE0013000002,ZONA SURABAYA,BELUM VERIFIKASI
PKK.DN.IDSUB.2509.001024,MICK13000002,ZONA SURABAYA,BELUM VERIFIKASI
PKK.DN.IDSUB.2509.001019,TBEY13000010,ZONA SURABAYA,BELUM VERIFIKASI
PKK.DN.IDSUB.2509.000993,AD0013000049,ZONA SURABAYA,BELUM VERIFIKASI
PKK.LN.IDSUB.2509.000980,0RBD13000001,ZONA SURABAYA,BELUM VERIFIKASI
PKK.DN.IDGRE.2509.000683,T00913000005,ZONA GRESIK,BELUM VERIFIKASI
PKK.DN.IDGRE.2509.000678,3ZJF13000015,ZONA GRESIK,BELUM VERIFIKASI
PKK.LN.IDSUB.2509.000908,EVV113000013,ZONA SURABAYA,BELUM VERIFIKASI
PKK.DN.IDGRE.2509.000638,141T13000005,ZONA GRESIK,BELUM VERIFIKASI
PKK.DN.IDSUB.2509.000883,777D13000057,ZONA SURABAYA,BELUM VERIFIKASI
PKK.DN.IDSUB.2509.000866,Y00013000015,ZONA SURABAYA,BELUM VERIFIKASI
PKK.DN.IDGRE.2509.000604,AU6D13000012,ZONA GRESIK,BELUM VERIFIKASI
PKK.DN.IDGRE.2509.000588,X7BJ13000002,ZONA GRESIK,BELUM VERIFIKASI
PKK.DN.IDSUB.2509.000629,QQ0013000002,ZONA SURABAYA,BELUM VERIFIKASI
PKK.DN.IDGRE.2509.000581,7FNN13000001,ZONA GRESIK,BELUM VERIFIKASI
PKK.DN.IDSUB.2509.000789,222V13000013,ZONA SURABAYA,BELUM VERIFIKASI
PKK.DN.IDGRE.2509.000557,E18U13000006,ZONA GRESIK,BELUM VERIFIKASI
PKK.DN.IDGRE.2509.000551,HXGG13000019,ZONA GRESIK,BELUM VERIFIKASI
PKK.DN.IDSUB.2509.000755,1VUB13000005,ZONA SURABAYA,BELUM VERIFIKASI
PKK.DN.IDSUB.2509.000746,NO1313000001,ZONA SURABAYA,BELUM VERIFIKASI
PKK.DN.IDGRE.2509.000532,MAV613000011,ZONA GRESIK,BELUM VERIFIKASI
PKK.DN.IDGRE.2509.000529,F4YN13000007,ZONA GRESIK,BELUM VERIFIKASI
PKK.DN.IDSUB.2509.000738,MN8013000017,ZONA SURABAYA,BELUM VERIFIKASI
PKK.DN.IDSUB.2509.000736,PI3313000020,ZONA SURABAYA,BELUM VERIFIKASI
PKK.DN.IDSUB.2509.000734,OCH213000001,ZONA GRESIK,BELUM VERIFIKASI
PKK.DN.IDGRE.2509.000521,G00913000015,ZONA GRESIK,BELUM VERIFIKASI
PKK.DN.IDSUB.2509.000718,666J13000012,ZONA SURABAYA,BELUM VERIFIKASI
PKK.DN.IDSUB.2509.000671,E9LR13000001,ZONA SURABAYA,BELUM VERIFIKASI
PKK.DN.IDSUB.2509.000634,MK9113000029,ZONA SURABAYA,BELUM VERIFIKASI
PKK.DN.IDSUB.2509.000625,Q54X13000001,ZONA SURABAYA,BELUM VERIFIKASI
PKK.DN.IDGRE.2509.000460,48L313000014,ZONA GRESIK,BELUM VERIFIKASI
PKK.DN.IDSUB.2509.000619,ID1013000082,ZONA SURABAYA,BELUM VERIFIKASI
PKK.DN.IDSUB.2509.000617,UE1M13000006,ZONA SURABAYA,BELUM VERIFIKASI
PKK.DN.IDSUB.2509.000615,SN9213000001,ZONA SURABAYA,BELUM VERIFIKASI
PKK.DN.IDSUB.2509.000592,E12213000002,ZONA SURABAYA,BELUM VERIFIKASI
PKK.DN.IDSUB.2509.000551,UHBB13000009,ZONA SURABAYA,BELUM VERIFIKASI
PKK.DN.IDSUB.2509.000541,A00713000003,ZONA SURABAYA,BELUM VERIFIKASI
PKK.DN.IDSUB.2509.000521,JI8I13000008,ZONA GRESIK,BELUM VERIFIKASI
PKK.DN.IDSUB.2509.000508,9DQK13000008,ZONA SURABAYA,BELUM VERIFIKASI
PKK.DN.IDSUB.2509.000492,CM5513000041,ZONA SURABAYA,BELUM VERIFIKASI
PKK.DN.IDGRE.2509.000334,RB2213000014,ZONA GRESIK,BELUM VERIFIKASI
PKK.DN.IDSUB.2509.000433,MKI013000042,ZONA SURABAYA,BELUM VERIFIKASI
PKK.DN.IDGRE.2509.000299,TBIX13000002,ZONA GRESIK,BELUM VERIFIKASI
PKK.DN.IDGRE.2509.000278,131M13000005,ZONA GRESIK,BELUM VERIFIKASI
PKK.DN.IDSUB.2509.000361,BMX013000011,ZONA SURABAYA,BELUM VERIFIKASI
PKK.DN.IDGRE.2509.000187,707S13000015,ZONA GRESIK,BELUM VERIFIKASI
PKK.DN.IDSUB.2509.000255,B17713000036,ZONA SURABAYA,BELUM VERIFIKASI
PKK.DN.IDGRE.2509.000139,PN1513000013,ZONA GRESIK,BELUM VERIFIKASI
PKK.DN.IDGRE.2509.000053,KJX613000009,ZONA GRESIK,BELUM VERIFIKASI
PKK.DN.IDSUB.2509.000044,MITC13000001,ZONA SURABAYA,BELUM VERIFIKASI
PKK.DN.IDGRE.2509.000032,I60013000003,ZONA GRESIK,BELUM VERIFIKASI
PKK.DN.IDSUB.2508.001213,P84413000005,ZONA SURABAYA,BELUM VERIFIKASI
PKK.DN.IDGRE.2508.000825,MUM313000008,ZONA GRESIK,BELUM VERIFIKASI
PKK.DN.IDSUB.2508.001084,M13313000011,ZONA SURABAYA,BELUM VERIFIKASI
PKK.DN.IDGRE.2507.000460,D1OR13000007,ZONA GRESIK,BELUM VERIFIKASI
PKK.LN.IDSRG.2509.000314,IAE909000001,ZONA SEMARANG,BELUM VERIFIKASI
PKK.DN.IDSRG.2509.000206,TXVZ09000001,ZONA SEMARANG,BELUM VERIFIKASI
PKK.DN.IDSRG.2509.000198,HB0209000009,ZONA SEMARANG,BELUM VERIFIKASI
PKK.DN.IDSRG.2509.000171,ATS009000001,ZONA SEMARANG,BELUM VERIFIKASI
PKK.DN.IDSRG.2509.000085,ERRR09000010,ZONA SEMARANG,BELUM VERIFIKASI
PKK.DN.IDSRG.2509.000072,93L509000001,ZONA SEMARANG,BELUM VERIFIKASI
PKK.DN.IDSRG.2509.000015,T12209000001,ZONA SEMARANG,BELUM VERIFIKASI
PKK.DN.IDSRG.2508.000291,TMSI09000011,ZONA SEMARANG,BELUM VERIFIKASI
PKK.DN.IDSMQ.2510.000251,SKI383000081,ZONA SAMPIT,BELUM VERIFIKASI
PKK.DN.IDSMQ.2510.000242,GL0083000048,ZONA SAMPIT,BELUM VERIFIKASI
PKK.DN.IDSMQ.2510.000237,KI1183000016,ZONA SAMPIT,BELUM VERIFIKASI
PKK.DN.IDSMQ.2510.000236,AI3383000011,ZONA SAMPIT,BELUM VERIFIKASI
PKK.DN.IDSMQ.2510.000232,PM4483000010,ZONA BAGENDANG,BELUM VERIFIKASI
PKK.DN.IDSMQ.2510.000231,AWY383000012,ZONA SAMPIT,BELUM VERIFIKASI
PKK.DN.IDSMQ.2510.000227,M2RY83000011,ZONA SAMPIT,BELUM VERIFIKASI
PKK.DN.IDSMQ.2510.000223,5CFT83000019,ZONA BAGENDANG,BELUM VERIFIKASI
PKK.DN.IDSMQ.2510.000221,W69G83000021,ZONA BAGENDANG,BELUM VERIFIKASI
PKK.DN.IDSMQ.2510.000220,BVS683000012,ZONA SAMPIT,BELUM VERIFIKASI
PKK.DN.IDSMQ.2510.000219,M09583000006,ZONA SAMPIT,BELUM VERIFIKASI
PKK.DN.IDSMQ.2510.000212,K50283000010,ZONA BAGENDANG,BELUM VERIFIKASI
PKK.DN.IDSMQ.2510.000207,AVLI83000020,ZONA SAMPIT,BELUM VERIFIKASI
PKK.DN.IDSMQ.2510.000205,AGR983000010,ZONA SAMPIT,BELUM VERIFIKASI
PKK.DN.IDSMQ.2510.000203,18TZ83000018,ZONA SAMPIT,BELUM VERIFIKASI
PKK.DN.IDSMQ.2510.000200,MN7383000009,ZONA SAMPIT,BELUM VERIFIKASI
PKK.DN.IDSMQ.2510.000199,GTD983000015,ZONA SAMPIT,BELUM VERIFIKASI
PKK.DN.IDSMQ.2510.000194,RO2783000011,ZONA BAGENDANG,BELUM VERIFIKASI
PKK.DN.IDSMQ.2510.000192,282A83000022,ZONA BAGENDANG,BELUM VERIFIKASI
PKK.DN.IDSMQ.2510.000190,CD0283000011,ZONA BAGENDANG,BELUM VERIFIKASI
PKK.LN.IDSMQ.2510.000189,BW7C83000005,ZONA BAGENDANG,BELUM VERIFIKASI
PKK.DN.IDSMQ.2510.000188,AY2D83000012,ZONA SAMPIT,BELUM VERIFIKASI
PKK.DN.IDSMQ.2510.000185,612O83000014,ZONA SAMPIT,BELUM VERIFIKASI
PKK.DN.IDSMQ.2409.000177,XBTX83000001,ZONA SAMPIT,BELUM VERIFIKASI
PKK.DN.IDSMQ.2409.000391,4JAW83000001,ZONA SAMPIT,BELUM VERIFIKASI
PKK.DN.IDSMQ.2510.000182,PPW583000009,ZONA SAMPIT,BELUM VERIFIKASI
PKK.DN.IDSMQ.2510.000180,V4F783000022,ZONA SAMPIT,BELUM VERIFIKASI
PKK.DN.IDSMQ.2510.000177,PCX283000013,ZONA SAMPIT,BELUM VERIFIKASI
PKK.DN.IDSMQ.2510.000176,X8EK83000012,ZONA BAGENDANG,BELUM VERIFIKASI
PKK.DN.IDSMQ.2510.000174,TSX283000007,ZONA SAMPIT,BELUM VERIFIKASI
PKK.DN.IDSMQ.2510.000173,KTKW83000018,ZONA SAMPIT,BELUM VERIFIKASI
PKK.DN.IDSMQ.2510.000171,P39N83000021,ZONA SAMPIT,BELUM VERIFIKASI
PKK.DN.IDSMQ.2510.000169,VUGY83000005,ZONA SAMPIT,BELUM VERIFIKASI
PKK.DN.IDSMQ.2510.000164,SMM883000006,ZONA SAMPIT,BELUM VERIFIKASI
PKK.DN.IDSMQ.2510.000162,TR1083000011,ZONA SAMPIT,BELUM VERIFIKASI
PKK.DN.IDSMQ.2510.000157,AY2183000006,ZONA BAGENDANG,BELUM VERIFIKASI
PKK.DN.IDSMQ.2510.000155,SILE83000003,ZONA BAGENDANG,BELUM VERIFIKASI
PKK.DN.IDSMQ.2510.000150,CN0083000003,ZONA SAMPIT,BELUM VERIFIKASI
PKK.DN.IDSMQ.2510.000146,K27583000015,ZONA BAGENDANG,BELUM VERIFIKASI
PKK.DN.IDSMQ.2510.000144,TME183000001,ZONA SAMPIT,BELUM VERIFIKASI
PKK.DN.IDSMQ.2510.000136,DLYB83000005,ZONA SAMPIT,BELUM VERIFIKASI
PKK.DN.IDSMQ.2510.000134,NCBR83000012,ZONA SAMPIT,BELUM VERIFIKASI
PKK.DN.IDSMQ.2510.000133,MAD283000009,ZONA SAMPIT,BELUM VERIFIKASI
PKK.DN.IDSMQ.2510.000131,QL4783000004,ZONA SAMPIT,BELUM VERIFIKASI
PKK.DN.IDSMQ.2510.000129,SENO83000018,ZONA SAMPIT,BELUM VERIFIKASI
PKK.DN.IDSMQ.2510.000127,K02783000016,ZONA SAMPIT,BELUM VERIFIKASI
PKK.DN.IDSMQ.2510.000123,I05Z83000010,ZONA SAMPIT,BELUM VERIFIKASI
PKK.DN.IDSMQ.2510.000118,Y5X783000024,ZONA SAMPIT,BELUM VERIFIKASI
PKK.DN.IDSMQ.2510.000109,S5OC83000001,ZONA SAMPIT,BELUM VERIFIKASI
PKK.DN.IDSMQ.2510.000104,N4EN83000009,ZONA SAMPIT,BELUM VERIFIKASI
PKK.DN.IDSMQ.2510.000097,TSX583000004,ZONA SAMPIT,BELUM VERIFIKASI
PKK.DN.IDSMQ.2510.000082,SI2583000006,ZONA SAMPIT,BELUM VERIFIKASI
PKK.DN.IDSMQ.2510.000071,CJAW83000001,ZONA SAMPIT,BELUM VERIFIKASI
PKK.DN.IDSMQ.2510.000059,3F4Q83000005,ZONA SAMPIT,BELUM VERIFIKASI
PKK.DN.IDSMQ.2510.000057,T81Z83000016,ZONA SAMPIT,BELUM VERIFIKASI
PKK.DN.IDSMQ.2510.000055,F27083000001,ZONA SAMPIT,BELUM VERIFIKASI
PKK.DN.IDSMQ.2510.000047,242S83000002,ZONA SAMPIT,BELUM VERIFIKASI
PKK.DN.IDSMQ.2510.000041,CHY283000003,ZONA BAGENDANG,BELUM VERIFIKASI
PKK.DN.IDSMQ.2510.000037,UXZR83000022,ZONA SAMPIT,BELUM VERIFIKASI
PKK.DN.IDSMQ.2510.000033,8N1H83000010,ZONA SAMPIT,BELUM VERIFIKASI
PKK.DN.IDSMQ.2510.000030,I3G783000001,ZONA SAMPIT,BELUM VERIFIKASI
PKK.DN.IDSMQ.2510.000026,JERI83000009,ZONA SAMPIT,BELUM VERIFIKASI
PKK.DN.IDSMQ.2510.000025,BK8T83000007,ZONA SAMPIT,BELUM VERIFIKASI
PKK.DN.IDSMQ.2510.000023,RP3383000002,ZONA SAMPIT,BELUM VERIFIKASI
PKK.DN.IDSMQ.2510.000020,S03983000001,ZONA SAMPIT,BELUM VERIFIKASI
PKK.DN.IDSMQ.2510.000018,SG0283000006,ZONA SAMPIT,BELUM VERIFIKASI
PKK.DN.IDSMQ.2510.000007,YPK883000016,ZONA SAMPIT,BELUM VERIFIKASI
PKK.DN.IDSMQ.2510.000005,ZCQB83000011,ZONA SAMPIT,BELUM VERIFIKASI
PKK.DN.IDSMQ.2510.000004,GS0083000018,ZONA BAGENDANG,BELUM VERIFIKASI
PKK.DN.IDSMQ.2509.000532,KET283000003,ZONA SAMPIT,BELUM VERIFIKASI
PKK.DN.IDSMQ.2509.000531,TSX783000005,ZONA SAMPIT,BELUM VERIFIKASI
PKK.DN.IDSMQ.2509.000519,DQHH83000001,ZONA BAGENDANG,BELUM VERIFIKASI
PKK.DN.IDSMQ.2509.000490,SEJU83000001,ZONA BAGENDANG,BELUM VERIFIKASI
PKK.DN.IDSMQ.2509.000476,SKA483000007,ZONA BAGENDANG,BELUM VERIFIKASI
PKK.DN.IDSMQ.2509.000469,TN1083000007,ZONA SAMPIT,BELUM VERIFIKASI
PKK.DN.IDSMQ.2509.000450,PRSA83000008,ZONA SAMPIT,BELUM VERIFIKASI
PKK.DN.IDSMQ.2508.000072,PJ0783000002,ZONA SAMPIT,BELUM VERIFIKASI
PKK.DN.IDSMQ.2408.000376,SIMI83000001,ZONA BAGENDANG,BELUM VERIFIKASI
PKK.DN.IDSMQ.2406.000029,QQVQ83000001,ZONA BAGENDANG,BELUM VERIFIKASI
PKK.DN.IDKUM.2510.000073,262K74000084,ZONA KUMAI,BELUM VERIFIKASI
PKK.DN.IDKUM.2510.000072,DR9074000120,ZONA KUMAI,BELUM VERIFIKASI
PKK.DN.IDKUM.2510.000056,AJ6974000008,ZONA KUMAI,BELUM VERIFIKASI
PKK.DN.IDKUM.2510.000049,POX574000001,ZONA KUMAI,BELUM VERIFIKASI
PKK.DN.IDKUM.2510.000046,QHCC74000011,ZONA BUMIHARJO,BELUM VERIFIKASI
PKK.DN.IDKUM.2510.000036,TSJX74000009,ZONA KUMAI,BELUM VERIFIKASI
PKK.DN.IDKUM.2510.000031,J36W74000013,ZONA KUMAI,BELUM VERIFIKASI
PKK.DN.IDKUM.2510.000030,QUD974000046,ZONA KUMAI,BELUM VERIFIKASI
PKK.DN.IDKUM.2510.000029,S18574000011,ZONA KUMAI,BELUM VERIFIKASI
PKK.DN.IDKUM.2510.000014,ILJ774000006,ZONA BUMIHARJO,BELUM VERIFIKASI
PKK.DN.IDKUM.2510.000011,3QEZ74000005,ZONA KUMAI,BELUM VERIFIKASI
PKK.DN.IDKUM.2510.000008,LMSJ74000011,ZONA KUMAI,BELUM VERIFIKASI
PKK.DN.IDCEB.2510.000025,YZ2C60000002,ZONA UMUM CELUKAN BAWANG,BELUM VERIFIKASI
PKK.DN.IDCEB.2510.000018,BM5360000010,ZONA UMUM CELUKAN BAWANG,BELUM VERIFIKASI
PKK.DN.IDCEB.2510.000010,RKR360000004,ZONA UMUM CELUKAN BAWANG,BELUM VERIFIKASI
PKK.DN.IDCEB.2510.000009,ER6F60000004,ZONA UMUM CELUKAN BAWANG,BELUM VERIFIKASI
PKK.DN.IDCEB.2510.000008,8W3960000001,ZONA UMUM CELUKAN BAWANG,BELUM VERIFIKASI
PKK.DN.IDCEB.2510.000007,KSAM60000004,ZONA UMUM CELUKAN BAWANG,BELUM VERIFIKASI
PKK.DN.IDCEB.2510.000003,YC6A60000003,ZONA UMUM CELUKAN BAWANG,BELUM VERIFIKASI
PKK.DN.IDSTU.2510.000315,R38357000010,ZONA SATUI & BUNATI,BELUM VERIFIKASI
PKK.DN.IDSTU.2510.000312,BMIV57000001,ZONA SATUI & BUNATI,BELUM VERIFIKASI
PKK.DN.IDKBU.2503.000477,3U7F57000004,ZONA BATULICIN,BELUM VERIFIKASI
PKK.DN.IDKBU.2507.000067,PRD157000002,STS KOTABARU,BELUM VERIFIKASI
PKK.DN.IDSTU.2408.000203,FFX957000001,ZONA SATUI & BUNATI,BELUM VERIFIKASI
PKK.DN.IDSTU.2510.000305,52R257000010,ZONA SATUI & BUNATI,BELUM VERIFIKASI
PKK.DN.IDSTU.2510.000303,ZNFC57000006,ZONA SATUI & BUNATI,BELUM VERIFIKASI
PKK.DN.IDSTU.2510.000300,BIL957000011,ZONA SATUI & BUNATI,BELUM VERIFIKASI
PKK.DN.IDKBU.2510.000334,DF3057000127,ZONA BATULICIN,BELUM VERIFIKASI
PKK.DN.IDKBU.2510.000202,S16357000083,KOTABARU,BELUM VERIFIKASI
PKK.DN.IDKBU.2506.000350,910357000002,ZONA BATULICIN,BELUM VERIFIKASI
PKK.DN.IDKBU.2510.000333,RXWL57000006,MEKARPUTIH CK BONGKAR MUAT,BELUM VERIFIKASI
PKK.DN.IDKBU.2510.000325,U1OE57000008,MEKARPUTIH CK BONGKAR MUAT,BELUM VERIFIKASI
PKK.DN.IDSTU.2510.000290,6ZHW57000004,ZONA SATUI & BUNATI,BELUM VERIFIKASI
PKK.DN.IDSTU.2510.000286,IN6A57000003,ZONA SATUI & BUNATI,BELUM VERIFIKASI
PKK.DN.IDKBU.2510.000316,E13357000018,ZONA BATULICIN,BELUM VERIFIKASI
PKK.DN.IDKBU.2505.000326,9Q9157000001,STS KOTABARU,BELUM VERIFIKASI
PKK.DN.IDSTU.2510.000268,RB3657000011,ZONA SATUI & BUNATI,BELUM VERIFIKASI
PKK.DN.IDKBU.2510.000309,8SNP57000028,MEKARPUTIH CURAH CAIR,BELUM VERIFIKASI
PKK.DN.IDKBU.2508.000715,PZTW57000005,STS KOTABARU,BELUM VERIFIKASI
PKK.DN.IDKBU.2507.000719,S0MT57000002,STS KOTABARU,BELUM VERIFIKASI
PKK.DN.IDKBU.2510.000304,S23457000057,KOTABARU,BELUM VERIFIKASI
PKK.DN.IDKBU.2503.000611,PKG157000002,STS KOTABARU,BELUM VERIFIKASI
PKK.DN.IDKBU.2506.000360,A5H457000002,STS KOTABARU,BELUM VERIFIKASI
PKK.DN.IDKBU.2306.000471,59AI57000001,STS KOTABARU,BELUM VERIFIKASI
PKK.DN.IDKBU.2309.000426,4ZOI57000001,STS KOTABARU,BELUM VERIFIKASI
PKK.DN.IDKBU.2510.000302,CLA157000005,KOTABARU,BELUM VERIFIKASI
PKK.DN.IDKBU.2412.000687,S32E57000003,STS KOTABARU,BELUM VERIFIKASI
PKK.DN.IDKBU.2508.000627,SDYA57000004,STS KOTABARU,BELUM VERIFIKASI
PKK.DN.IDKBU.2510.000295,PK8A57000028,KOTABARU,BELUM VERIFIKASI
PKK.DN.IDKBU.2510.000279,MEU857000015,KOTABARU,BELUM VERIFIKASI
PKK.LN.IDSTU.2510.000240,M51057000002,ZONA SATUI & BUNATI,BELUM VERIFIKASI
PKK.DN.IDKBU.2510.000272,VI1157000012,STS KOTABARU,BELUM VERIFIKASI
PKK.DN.IDKBU.2412.000376,Y9T257000002,STS KOTABARU,BELUM VERIFIKASI
PKK.DN.IDKBU.2510.000269,RYL857000032,KOTABARU,BELUM VERIFIKASI
PKK.LN.IDSTU.2510.000232,C72B57000001,ZONA SATUI & BUNATI,BELUM VERIFIKASI
PKK.DN.IDKBU.2510.000261,VOB657000005,KOTABARU,BELUM VERIFIKASI
PKK.DN.IDSTU.2510.000222,SAN357000006,ZONA SATUI & BUNATI,BELUM VERIFIKASI
PKK.LN.IDSTU.2510.000219,BXRZ57000001,ZONA SATUI & BUNATI,BELUM VERIFIKASI
PKK.DN.IDSTU.2510.000211,R38357000009,ZONA SATUI & BUNATI,BELUM VERIFIKASI
PKK.DN.IDSTU.2508.000475,GE5S57000008,ZONA SATUI & BUNATI,BELUM VERIFIKASI
PKK.LN.IDSTU.2510.000202,M14157000001,ZONA SATUI & BUNATI,BELUM VERIFIKASI
PKK.DN.IDKBU.2509.000588,9ICL57000003,STS KOTABARU,BELUM VERIFIKASI
PKK.DN.IDKBU.2510.000238,UM0057000001,KOTABARU,BELUM VERIFIKASI
PKK.DN.IDKBU.2510.000234,RNOZ57000022,ZONA BATULICIN,BELUM VERIFIKASI
PKK.DN.IDKBU.2501.000164,SANY57000002,STS KOTABARU,BELUM VERIFIKASI
PKK.DN.IDKBU.2510.000232,ZQII57000017,KOTABARU,BELUM VERIFIKASI
PKK.DN.IDKBU.2510.000229,YFEB57000042,KOTABARU,BELUM VERIFIKASI
PKK.DN.IDKBU.2510.000227,A20057000019,KOTABARU,BELUM VERIFIKASI
PKK.DN.IDSTU.2510.000181,AH0057000001,ZONA SATUI & BUNATI,BELUM VERIFIKASI
PKK.DN.IDKBU.2510.000226,MMI157000001,MEKARPUTIH CURAH CAIR,BELUM VERIFIKASI
PKK.DN.IDKBU.2510.000214,AKR557000057,KOTABARU,BELUM VERIFIKASI
PKK.DN.IDKBU.2505.000597,IEGE57000001,ZONA BATULICIN,BELUM VERIFIKASI
PKK.DN.IDKBU.2307.000269,P4VK57000001,STS KOTABARU,BELUM VERIFIKASI
PKK.DN.IDKBU.2506.000369,O60057000002,STS KOTABARU,BELUM VERIFIKASI
PKK.DN.IDKBU.2501.000165,IY4E57000002,STS KOTABARU,BELUM VERIFIKASI
PKK.DN.IDKBU.2510.000196,SK9Q57000006,STS KOTABARU,BELUM VERIFIKASI
PKK.DN.IDKBU.2510.000195,AA1L57000002,STS KOTABARU,BELUM VERIFIKASI
PKK.DN.IDKBU.2510.000192,RY0057000007,KOTABARU,BELUM VERIFIKASI
PKK.DN.IDKBU.2510.000183,A12257000005,KOTABARU,BELUM VERIFIKASI
PKK.DN.IDKBU.2510.000182,Y4ZK57000005,STS KOTABARU,BELUM VERIFIKASI
PKK.DN.IDKBU.2510.000179,STD357000003,KOTABARU,BELUM VERIFIKASI
PKK.DN.IDKBU.2510.000178,AM2757000002,KOTABARU,BELUM VERIFIKASI
PKK.DN.IDKBU.2510.000174,GHTT57000034,KOTABARU,BELUM VERIFIKASI
PKK.DN.IDKBU.2510.000166,4OL657000009,ZONA BATULICIN,BELUM VERIFIKASI
PKK.DN.IDKBU.2510.000149,EB2757000001,KOTABARU,BELUM VERIFIKASI
PKK.DN.IDKBU.2510.000148,AE5757000001,KOTABARU,BELUM VERIFIKASI
PKK.DN.IDKBU.2510.000145,TQ8R57000002,KOTABARU,BELUM VERIFIKASI
PKK.DN.IDKBU.2510.000140,FX2257000016,KOTABARU,BELUM VERIFIKASI
PKK.DN.IDKBU.2509.000473,11FC57000004,STS KOTABARU,BELUM VERIFIKASI
PKK.DN.IDKBU.2510.000131,777R57000006,KOTABARU,BELUM VERIFIKASI
PKK.DN.IDKBU.2510.000128,AZM857000004,KOTABARU,BELUM VERIFIKASI
PKK.DN.IDKBU.2510.000110,WC4P57000001,ZONA BATULICIN,BELUM VERIFIKASI
PKK.DN.IDKBU.2510.000074,TW9457000002,MEKARPUTIH CURAH CAIR,BELUM VERIFIKASI
PKK.DN.IDKBU.2405.000414,9VJ457000001,STS KOTABARU,BELUM VERIFIKASI
PKK.DN.IDKBU.2510.000036,PNI157000008,KOTABARU,BELUM VERIFIKASI
PKK.DN.IDKBU.2510.000010,LX0057000004,KOTABARU,BELUM VERIFIKASI
PKK.DN.IDKBU.2507.000710,S06857000003,STS KOTABARU,BELUM VERIFIKASI
PKK.DN.IDKBU.2509.000821,ZCOI57000001,KOTABARU,BELUM VERIFIKASI
PKK.DN.IDKBU.2509.000311,BM9457000006,KOTABARU,BELUM VERIFIKASI
PKK.DN.IDLBR.2510.000104,YNFO31000065,ZONA LEMBAR,BELUM VERIFIKASI
PKK.DN.IDLBR.2510.000100,DBL031000288,ZONA LEMBAR,BELUM VERIFIKASI
PKK.DN.IDLBR.2510.000098,KV0031000342,ZONA LEMBAR,BELUM VERIFIKASI
PKK.DN.IDLBR.2510.000097,MBE231000098,ZONA LEMBAR,BELUM VERIFIKASI
PKK.DN.IDLBR.2510.000096,LD0Y31000169,ZONA LEMBAR,BELUM VERIFIKASI
PKK.DN.IDLBR.2510.000091,MFI031000023,ZONA LEMBAR,BELUM VERIFIKASI
PKK.DN.IDLBR.2510.000068,AF4231000296,ZONA LEMBAR,BELUM VERIFIKASI
PKK.DN.IDLBR.2510.000065,MN2231000012,ZONA LEMBAR,BELUM VERIFIKASI
PKK.DN.IDLBR.2510.000053,R80031000054,ZONA LEMBAR,BELUM VERIFIKASI
PKK.DN.IDLBR.2510.000038,BI9231000002,ZONA LEMBAR,BELUM VERIFIKASI
PKK.DN.IDKOE.2510.000098,S24029000048,ZONA KUPANG,BELUM VERIFIKASI
PKK.DN.IDKOE.2510.000096,SN5829000050,ZONA KUPANG,BELUM VERIFIKASI
PKK.DN.IDKOE.2510.000091,444C29000046,ZONA KUPANG,BELUM VERIFIKASI
PKK.DN.IDKOE.2510.000082,TA0029000029,ZONA KUPANG,BELUM VERIFIKASI
PKK.DN.IDKOE.2510.000079,MDY529000011,ZONA KUPANG,BELUM VERIFIKASI
PKK.DN.IDKOE.2510.000055,AASR29000003,ZONA KUPANG,BELUM VERIFIKASI
PKK.DN.IDKOE.2510.000046,S22129000006,ZONA KUPANG,BELUM VERIFIKASI
PKK.DN.IDKOE.2510.000041,P02829000064,ZONA KUPANG,BELUM VERIFIKASI
PKK.DN.IDKOE.2509.000194,S09929000052,ZONA KUPANG,BELUM VERIFIKASI
PKK.LN.IDBOA.2510.001372,FGOV27000003,ZONA BENOA,BELUM VERIFIKASI
PKK.DN.IDBOA.2510.001354,000A27000106,ZONA BENOA,BELUM VERIFIKASI
PKK.DN.IDBOA.2510.001349,111T27000065,ZONA BENOA,BELUM VERIFIKASI
PKK.DN.IDBOA.2510.000380,BC2227000717,ZONA BENOA,BELUM VERIFIKASI
PKK.LN.IDCXP.2510.000019,MK1926000001,TANJUNG INTAN,BELUM VERIFIKASI
PKK.DN.IDCXP.2508.000110,AND526000001,TANJUNG INTAN,BELUM VERIFIKASI
PKK.DN.IDCXP.2510.000044,ZCZ526000001,TANJUNG INTAN,BELUM VERIFIKASI
PKK.DN.IDCXP.2510.000041,TS3126000017,TANJUNG INTAN,BELUM VERIFIKASI
PKK.DN.IDCXP.2510.000010,FMLP26000001,TANJUNG INTAN,BELUM VERIFIKASI
PKK.DN.IDCXP.2405.000029,QAQW26000002,TANJUNG INTAN,BELUM VERIFIKASI
PKK.DN.IDCXP.2405.000013,0QFO26000003,TANJUNG INTAN,BELUM VERIFIKASI
PKK.DN.IDCXP.2510.000006,IE0026000003,TANJUNG INTAN,BELUM VERIFIKASI
PKK.DN.IDCXP.2510.000002,EVX226000004,TANJUNG INTAN,BELUM VERIFIKASI
PKK.DN.IDCXP.2509.000115,PK0026000034,TANJUNG INTAN,BELUM VERIFIKASI
PKK.DN.IDCXP.2509.000102,ME8826000014,TANJUNG INTAN,BELUM VERIFIKASI
PKK.DN.IDCXP.2509.000062,D03326000039,TANJUNG INTAN,BELUM VERIFIKASI
PKK.DN.IDBDJ.2510.002021,BUUN25000132,BANJARMASIN,BELUM VERIFIKASI
PKK.DN.IDBDJ.2510.002013,5BR825000108,BANJARMASIN,BELUM VERIFIKASI
PKK.DN.IDBDJ.2510.002010,FM6P25000143,BANJARMASIN,BELUM VERIFIKASI
PKK.DN.IDBDJ.2510.002005,XHII25000076,BANJARMASIN,BELUM VERIFIKASI
PKK.DN.IDBDJ.2510.002001,PT5925000084,BANJARMASIN,BELUM VERIFIKASI
PKK.DN.IDBDJ.2510.001998,T32225000037,BANJARMASIN,BELUM VERIFIKASI
PKK.DN.IDBDJ.2510.001996,XP8G25000128,BANJARMASIN,BELUM VERIFIKASI
PKK.DN.IDBDJ.2510.001995,86A525000131,BANJARMASIN,BELUM VERIFIKASI
PKK.DN.IDBDJ.2510.001992,PUL325000085,BANJARMASIN,BELUM VERIFIKASI
PKK.DN.IDBDJ.2510.001990,GGZE25000012,BANJARMASIN,BELUM VERIFIKASI
PKK.DN.IDBDJ.2510.001970,IGPD25000009,BANJARMASIN,BELUM VERIFIKASI
PKK.DN.IDBDJ.2510.001969,E8XY25000089,BANJARMASIN,BELUM VERIFIKASI
PKK.DN.IDBDJ.2510.001967,EPPI25000016,BANJARMASIN,BELUM VERIFIKASI
PKK.DN.IDBDJ.2510.001964,5L6125000072,BANJARMASIN,BELUM VERIFIKASI
PKK.DN.IDBDJ.2510.001961,G05825000064,BANJARMASIN,BELUM VERIFIKASI
PKK.DN.IDBDJ.2510.001958,Z7N525000081,BANJARMASIN,BELUM VERIFIKASI
PKK.DN.IDBDJ.2510.001952,J9TE25000130,BANJARMASIN,BELUM VERIFIKASI
PKK.DN.IDBDJ.2510.001951,JWQ025000121,BANJARMASIN,BELUM VERIFIKASI
PKK.DN.IDBDJ.2510.001934,NAGQ25000122,BANJARMASIN,BELUM VERIFIKASI
PKK.DN.IDBDJ.2510.001932,HB2F25000119,BANJARMASIN,BELUM VERIFIKASI
PKK.DN.IDBDJ.2510.001295,CS4025000013,BANJARMASIN,BELUM VERIFIKASI
PKK.DN.IDBDJ.2510.001909,PC6P25000129,BANJARMASIN,BELUM VERIFIKASI
PKK.DN.IDBDJ.2510.001908,RM0625000101,BANJARMASIN,BELUM VERIFIKASI
PKK.DN.IDBDJ.2510.001906,UOVR25000136,BANJARMASIN,BELUM VERIFIKASI
PKK.DN.IDBDJ.2510.001903,ISA825000112,BANJARMASIN,BELUM VERIFIKASI
PKK.DN.IDBDJ.2510.001902,HXUH25000361,BANJARMASIN,BELUM VERIFIKASI
PKK.DN.IDBDJ.2510.001892,TB1X25000129,BANJARMASIN,BELUM VERIFIKASI
PKK.DN.IDBDJ.2510.001880,SEVF25000076,BANJARMASIN,BELUM VERIFIKASI
PKK.DN.IDBDJ.2510.001867,YD5P25000064,BANJARMASIN,BELUM VERIFIKASI
PKK.DN.IDBDJ.2510.001865,EG6C25000032,BANJARMASIN,BELUM VERIFIKASI
PKK.DN.IDBDJ.2510.001864,LPC125000013,BANJARMASIN,BELUM VERIFIKASI
PKK.DN.IDBDJ.2510.001863,9AJ325000134,BANJARMASIN,BELUM VERIFIKASI
PKK.DN.IDBDJ.2510.001860,MS1825000093,BANJARMASIN,BELUM VERIFIKASI
PKK.DN.IDBDJ.2510.001859,PJ3325000059,BANJARMASIN,BELUM VERIFIKASI
PKK.DN.IDBDJ.2510.001855,2I2F25000008,BANJARMASIN,BELUM VERIFIKASI
PKK.DN.IDBDJ.2510.001853,E10F25000124,BANJARMASIN,BELUM VERIFIKASI
PKK.DN.IDBDJ.2510.001852,H30725000045,BANJARMASIN,BELUM VERIFIKASI
PKK.DN.IDBDJ.2510.001850,N8JZ25000151,BANJARMASIN,BELUM VERIFIKASI
PKK.DN.IDBDJ.2510.001849,310G25000008,BANJARMASIN,BELUM VERIFIKASI
PKK.DN.IDBDJ.2510.001847,SG0825000061,BANJARMASIN,BELUM VERIFIKASI
PKK.DN.IDBDJ.2510.001844,B4RM25000079,BANJARMASIN,BELUM VERIFIKASI
PKK.DN.IDBDJ.2510.001843,YVYL25000097,BANJARMASIN,BELUM VERIFIKASI
PKK.DN.IDBDJ.2510.001841,SY0225000066,BANJARMASIN,BELUM VERIFIKASI
PKK.DN.IDBDJ.2510.001839,EV1025000083,BANJARMASIN,BELUM VERIFIKASI
PKK.DN.IDBDJ.2510.001836,WBPA25000019,BANJARMASIN,BELUM VERIFIKASI
PKK.DN.IDBDJ.2510.001835,DPM025000002,BANJARMASIN,BELUM VERIFIKASI
PKK.DN.IDBDJ.2510.001833,UON225000003,BANJARMASIN,BELUM VERIFIKASI
PKK.DN.IDBDJ.2510.001828,S02T25000066,BANJARMASIN,BELUM VERIFIKASI
PKK.DN.IDBDJ.2510.001825,H30125000047,BANJARMASIN,BELUM VERIFIKASI
PKK.DN.IDBDJ.2510.001820,SL7R25000035,BANJARMASIN,BELUM VERIFIKASI
PKK.DN.IDBDJ.2510.001808,PT5725000107,BANJARMASIN,BELUM VERIFIKASI
PKK.DN.IDBDJ.2510.001807,4TX025000001,BANJARMASIN,BELUM VERIFIKASI
PKK.DN.IDBDJ.2510.001805,S18725000041,BANJARMASIN,BELUM VERIFIKASI
PKK.DN.IDBDJ.2510.001804,UR0H25000017,BANJARMASIN,BELUM VERIFIKASI
PKK.DN.IDBDJ.2510.001801,A01125000060,BANJARMASIN,BELUM VERIFIKASI
PKK.DN.IDBDJ.2510.001786,BNJO25000146,BANJARMASIN,BELUM VERIFIKASI
PKK.DN.IDBDJ.2510.001784,IV7S25000129,BANJARMASIN,BELUM VERIFIKASI
PKK.DN.IDBDJ.2510.001781,MH1N25000091,BANJARMASIN,BELUM VERIFIKASI
PKK.DN.IDBDJ.2510.001779,7N0O25000117,BANJARMASIN,BELUM VERIFIKASI
PKK.DN.IDBDJ.2510.001777,SSGZ25000148,BANJARMASIN,BELUM VERIFIKASI
PKK.DN.IDBDJ.2510.001774,R7VM25000002,BANJARMASIN,BELUM VERIFIKASI
PKK.DN.IDBDJ.2510.001771,DIR125000045,BANJARMASIN,BELUM VERIFIKASI
PKK.DN.IDBDJ.2510.001768,X60O25000016,BANJARMASIN,BELUM VERIFIKASI
PKK.DN.IDBDJ.2510.001765,BRAN25000152,BANJARMASIN,BELUM VERIFIKASI
PKK.DN.IDBDJ.2510.001759,WGKZ25000056,BANJARMASIN,BELUM VERIFIKASI
PKK.DN.IDBDJ.2510.001742,G06825000057,BANJARMASIN,BELUM VERIFIKASI
PKK.DN.IDBDJ.2510.001740,LCE225000039,BANJARMASIN,BELUM VERIFIKASI
PKK.DN.IDBDJ.2510.001734,FLIC25000087,BANJARMASIN,BELUM VERIFIKASI
PKK.DN.IDBDJ.2510.001732,MWGM25000133,BANJARMASIN,BELUM VERIFIKASI
PKK.DN.IDBDJ.2510.001716,0GZH25000030,BANJARMASIN,BELUM VERIFIKASI
PKK.DN.IDBDJ.2510.001714,39Y225000021,BANJARMASIN,BELUM VERIFIKASI
PKK.DN.IDBDJ.2510.001711,SBQG25000008,BANJARMASIN,BELUM VERIFIKASI
PKK.DN.IDBDJ.2510.001703,MMHA25000033,BANJARMASIN,BELUM VERIFIKASI
PKK.DN.IDBDJ.2510.001702,R65B25000004,BANJARMASIN,BELUM VERIFIKASI
PKK.DN.IDBDJ.2510.001700,R40P25000073,BANJARMASIN,BELUM VERIFIKASI
PKK.DN.IDBDJ.2510.001696,T86S25000002,BANJARMASIN,BELUM VERIFIKASI
PKK.DN.IDBDJ.2510.001691,B2CM25000038,BANJARMASIN,BELUM VERIFIKASI
PKK.DN.IDBDJ.2510.001689,LDNU25000037,BANJARMASIN,BELUM VERIFIKASI
PKK.DN.IDBDJ.2510.001688,6XWA25000068,BANJARMASIN,BELUM VERIFIKASI
PKK.DN.IDBDJ.2510.001685,GD0325000028,BANJARMASIN,BELUM VERIFIKASI
PKK.DN.IDBDJ.2510.001682,H93P25000128,BANJARMASIN,BELUM VERIFIKASI
PKK.DN.IDBDJ.2510.001679,5IWS25000088,BANJARMASIN,BELUM VERIFIKASI
PKK.DN.IDBDJ.2510.001673,PJ3125000111,BANJARMASIN,BELUM VERIFIKASI
PKK.DN.IDBDJ.2510.001672,5RHJ25000011,BANJARMASIN,BELUM VERIFIKASI
PKK.DN.IDBDJ.2510.001669,6PSM25000133,BANJARMASIN,BELUM VERIFIKASI
PKK.DN.IDBDJ.2510.001667,R25325000044,BANJARMASIN,BELUM VERIFIKASI
PKK.DN.IDBDJ.2510.001665,PR9J25000022,BANJARMASIN,BELUM VERIFIKASI
PKK.DN.IDBDJ.2510.001662,6PVS25000029,BANJARMASIN,BELUM VERIFIKASI
PKK.DN.IDBDJ.2510.001654,CKR125000049,BANJARMASIN,BELUM VERIFIKASI
PKK.DN.IDBDJ.2510.001650,T6M625000123,BANJARMASIN,BELUM VERIFIKASI
PKK.DN.IDBDJ.2510.001647,X37X25000019,BANJARMASIN,BELUM VERIFIKASI
PKK.DN.IDBDJ.2510.001643,C3AP25000008,BANJARMASIN,BELUM VERIFIKASI
PKK.DN.IDBDJ.2510.001642,TK3325000004,BANJARMASIN,BELUM VERIFIKASI
PKK.DN.IDBDJ.2510.001640,TB7725000022,BANJARMASIN,BELUM VERIFIKASI
PKK.DN.IDBDJ.2510.001636,S05425000095,BANJARMASIN,BELUM VERIFIKASI
PKK.DN.IDBDJ.2510.001635,PKMD25000047,BANJARMASIN,BELUM VERIFIKASI
PKK.DN.IDBDJ.2510.001633,BTNG25000135,BANJARMASIN,BELUM VERIFIKASI
PKK.DN.IDBDJ.2510.001630,CE5L25000117,BANJARMASIN,BELUM VERIFIKASI
PKK.DN.IDBDJ.2510.001622,DKE125000017,BANJARMASIN,BELUM VERIFIKASI
PKK.DN.IDBDJ.2510.001603,APV025000030,BANJARMASIN,BELUM VERIFIKASI
PKK.DN.IDBDJ.2510.001602,517E25000121,BANJARMASIN,BELUM VERIFIKASI
PKK.DN.IDBDJ.2510.001601,NIDE25000029,BANJARMASIN,BELUM VERIFIKASI
PKK.DN.IDBDJ.2510.001600,0Z4Q25000079,BANJARMASIN,BELUM VERIFIKASI
PKK.DN.IDBDJ.2510.001599,RMNO25000120,BANJARMASIN,BELUM VERIFIKASI
PKK.DN.IDBDJ.2510.001596,W6X925000139,BANJARMASIN,BELUM VERIFIKASI
PKK.DN.IDBDJ.2510.001583,T42A25000122,BANJARMASIN,BELUM VERIFIKASI
PKK.DN.IDBDJ.2510.001581,ID8025000040,BANJARMASIN,BELUM VERIFIKASI
PKK.DN.IDBDJ.2510.001579,TJ6H25000009,BANJARMASIN,BELUM VERIFIKASI
PKK.DN.IDBDJ.2510.001578,Z22S25000137,BANJARMASIN,BELUM VERIFIKASI
PKK.DN.IDBDJ.2510.001576,MH3225000012,BANJARMASIN,BELUM VERIFIKASI
PKK.DN.IDBDJ.2510.001570,GS0825000021,BANJARMASIN,BELUM VERIFIKASI
PKK.DN.IDBDJ.2510.001557,JA8725000082,BANJARMASIN,BELUM VERIFIKASI
PKK.DN.IDBDJ.2510.001552,C5OE25000008,BANJARMASIN,BELUM VERIFIKASI
PKK.DN.IDBDJ.2510.001551,2Y8Z25000054,BANJARMASIN,BELUM VERIFIKASI
PKK.DN.IDBDJ.2510.001550,6S8V25000002,BANJARMASIN,BELUM VERIFIKASI
PKK.DN.IDBDJ.2510.001542,IS4225000098,BANJARMASIN,BELUM VERIFIKASI
PKK.DN.IDBDJ.2510.001540,6TZG25000073,BANJARMASIN,BELUM VERIFIKASI
PKK.DN.IDBDJ.2510.001533,ANND25000064,BANJARMASIN,BELUM VERIFIKASI
PKK.DN.IDBDJ.2510.001530,CKAG25000004,BANJARMASIN,BELUM VERIFIKASI
PKK.DN.IDBDJ.2510.001512,DISX25000043,BANJARMASIN,BELUM VERIFIKASI
PKK.DN.IDBDJ.2510.001506,EH0725000072,BANJARMASIN,BELUM VERIFIKASI
PKK.DN.IDBDJ.2510.001504,F9WU25000033,BANJARMASIN,BELUM VERIFIKASI
PKK.DN.IDBDJ.2510.001502,WYFV25000016,BANJARMASIN,BELUM VERIFIKASI
PKK.DN.IDBDJ.2510.001497,JRDA25000053,BANJARMASIN,BELUM VERIFIKASI
PKK.DN.IDBDJ.2510.001496,TK4A25000027,BANJARMASIN,BELUM VERIFIKASI
PKK.DN.IDBDJ.2510.001491,MD1625000131,BANJARMASIN,BELUM VERIFIKASI
PKK.DN.IDBDJ.2510.001480,AS5525000023,BANJARMASIN,BELUM VERIFIKASI
PKK.DN.IDBDJ.2510.001466,HELN25000048,BANJARMASIN,BELUM VERIFIKASI
PKK.DN.IDBDJ.2510.001451,1WCZ25000129,BANJARMASIN,BELUM VERIFIKASI
PKK.DN.IDBDJ.2510.001434,8AD025000034,BANJARMASIN,BELUM VERIFIKASI
PKK.DN.IDBDJ.2510.001430,4O5T25000018,BANJARMASIN,BELUM VERIFIKASI
PKK.DN.IDBDJ.2510.001419,MK8M25000108,BANJARMASIN,BELUM VERIFIKASI
PKK.DN.IDBDJ.2510.001415,YCTO25000132,BANJARMASIN,BELUM VERIFIKASI
PKK.DN.IDBDJ.2510.001412,8Z7225000088,BANJARMASIN,BELUM VERIFIKASI
PKK.DN.IDBDJ.2510.001396,O3DU25000024,BANJARMASIN,BELUM VERIFIKASI
PKK.DN.IDBDJ.2510.001395,GT0525000043,BANJARMASIN,BELUM VERIFIKASI
PKK.DN.IDBDJ.2510.001393,9CC725000024,BANJARMASIN,BELUM VERIFIKASI
PKK.DN.IDBDJ.2510.001386,V40D25000009,BANJARMASIN,BELUM VERIFIKASI
PKK.DN.IDBDJ.2510.001384,H91Q25000058,BANJARMASIN,BELUM VERIFIKASI
PKK.DN.IDBDJ.2510.001382,TA2725000020,BANJARMASIN,BELUM VERIFIKASI
PKK.DN.IDBDJ.2510.001376,TE3D25000048,BANJARMASIN,BELUM VERIFIKASI
PKK.DN.IDBDJ.2510.001372,WMF225000033,BANJARMASIN,BELUM VERIFIKASI
PKK.DN.IDBDJ.2510.001366,Q6QP25000125,BANJARMASIN,BELUM VERIFIKASI
PKK.DN.IDBDJ.2510.001364,P2RJ25000080,BANJARMASIN,BELUM VERIFIKASI
PKK.DN.IDBDJ.2510.001362,444U25000012,BANJARMASIN,BELUM VERIFIKASI
PKK.DN.IDBDJ.2510.001332,2W0H25000040,BANJARMASIN,BELUM VERIFIKASI
PKK.DN.IDBDJ.2510.001348,848425000062,BANJARMASIN,BELUM VERIFIKASI
PKK.DN.IDBDJ.2510.001347,FC7625000018,BANJARMASIN,BELUM VERIFIKASI
PKK.DN.IDBDJ.2510.001340,X9J225000003,BANJARMASIN,BELUM VERIFIKASI
PKK.DN.IDBDJ.2510.001337,HT0525000010,BANJARMASIN,BELUM VERIFIKASI
PKK.DN.IDBDJ.2510.001324,PF4T25000031,BANJARMASIN,BELUM VERIFIKASI
PKK.DN.IDBDJ.2510.001322,XYN425000031,BANJARMASIN,BELUM VERIFIKASI
PKK.DN.IDBDJ.2510.001308,MS3125000011,BANJARMASIN,BELUM VERIFIKASI
PKK.DN.IDBDJ.2510.001301,EX6S25000120,BANJARMASIN,BELUM VERIFIKASI
PKK.DN.IDBDJ.2510.001296,7L4G25000124,BANJARMASIN,BELUM VERIFIKASI
PKK.DN.IDBDJ.2510.001294,2HB925000027,BANJARMASIN,BELUM VERIFIKASI
PKK.DN.IDBDJ.2510.001277,LUV825000024,BANJARMASIN,BELUM VERIFIKASI
PKK.DN.IDBDJ.2510.001258,VB1025000001,BANJARMASIN,BELUM VERIFIKASI
PKK.DN.IDBDJ.2510.001255,UES625000012,BANJARMASIN,BELUM VERIFIKASI
PKK.DN.IDBDJ.2510.001253,GIV725000002,BANJARMASIN,BELUM VERIFIKASI
PKK.DN.IDBDJ.2510.001235,L6HU25000079,BANJARMASIN,BELUM VERIFIKASI
PKK.DN.IDBDJ.2510.001234,121L25000147,BANJARMASIN,BELUM VERIFIKASI
PKK.DN.IDBDJ.2510.001225,T5PS25000018,BANJARMASIN,BELUM VERIFIKASI
PKK.DN.IDBDJ.2510.001224,XNQ725000022,BANJARMASIN,BELUM VERIFIKASI
PKK.DN.IDBDJ.2510.001222,SLT825000040,BANJARMASIN,BELUM VERIFIKASI
PKK.DN.IDBDJ.2510.001220,22CM25000011,BANJARMASIN,BELUM VERIFIKASI
PKK.DN.IDBDJ.2510.001201,90BB25000036,BANJARMASIN,BELUM VERIFIKASI
PKK.DN.IDBDJ.2510.001196,RUFE25000034,BANJARMASIN,BELUM VERIFIKASI
PKK.DN.IDBDJ.2510.001195,TM4825000070,BANJARMASIN,BELUM VERIFIKASI
PKK.DN.IDBDJ.2510.001193,CWWF25000033,BANJARMASIN,BELUM VERIFIKASI
PKK.DN.IDBDJ.2510.001191,POMF25000023,BANJARMASIN,BELUM VERIFIKASI
PKK.DN.IDBDJ.2510.001186,ITG725000026,BANJARMASIN,BELUM VERIFIKASI
PKK.DN.IDBDJ.2510.001185,BREH25000075,BANJARMASIN,BELUM VERIFIKASI
PKK.DN.IDBDJ.2510.001183,N4DM25000042,BANJARMASIN,BELUM VERIFIKASI
PKK.DN.IDBDJ.2510.001173,E7YN25000092,BANJARMASIN,BELUM VERIFIKASI
PKK.DN.IDBDJ.2510.001162,C62725000008,BANJARMASIN,BELUM VERIFIKASI
PKK.DN.IDBDJ.2510.001159,XL1525000024,BANJARMASIN,BELUM VERIFIKASI
PKK.DN.IDBDJ.2510.001157,S19525000013,BANJARMASIN,BELUM VERIFIKASI
PKK.DN.IDBDJ.2510.001151,EMSY25000065,BANJARMASIN,BELUM VERIFIKASI
PKK.DN.IDBDJ.2510.001146,S70025000002,BANJARMASIN,BELUM VERIFIKASI
PKK.DN.IDBDJ.2510.001142,WYKX25000007,BANJARMASIN,BELUM VERIFIKASI
PKK.DN.IDBDJ.2510.001140,E10F25000123,BANJARMASIN,BELUM VERIFIKASI
PKK.DN.IDBDJ.2510.001134,QNJZ25000022,BANJARMASIN,BELUM VERIFIKASI
PKK.DN.IDBDJ.2510.001129,R01525000033,BANJARMASIN,BELUM VERIFIKASI
PKK.DN.IDBDJ.2510.001123,MB2725000018,BANJARMASIN,BELUM VERIFIKASI
PKK.DN.IDBDJ.2510.001116,PT1725000052,BANJARMASIN,BELUM VERIFIKASI
PKK.DN.IDBDJ.2510.001097,E0PR25000005,BANJARMASIN,BELUM VERIFIKASI
PKK.DN.IDBDJ.2510.001085,QHB925000073,BANJARMASIN,BELUM VERIFIKASI
PKK.DN.IDBDJ.2510.001083,A80325000024,BANJARMASIN,BELUM VERIFIKASI
PKK.DN.IDBDJ.2510.001071,NAGQ25000121,BANJARMASIN,BELUM VERIFIKASI
PKK.DN.IDBDJ.2510.001069,O5PI25000107,BANJARMASIN,BELUM VERIFIKASI
PKK.DN.IDBDJ.2510.001063,TM2025000019,BANJARMASIN,BELUM VERIFIKASI
PKK.DN.IDBDJ.2510.001061,HL1Z25000041,BANJARMASIN,BELUM VERIFIKASI
PKK.DN.IDBDJ.2510.001056,RVZN25000004,BANJARMASIN,BELUM VERIFIKASI
PKK.DN.IDBDJ.2510.001046,WX2Y25000033,BANJARMASIN,BELUM VERIFIKASI
PKK.DN.IDBDJ.2510.001033,K36P25000015,BANJARMASIN,BELUM VERIFIKASI
PKK.DN.IDBDJ.2510.001028,QEIR25000002,BANJARMASIN,BELUM VERIFIKASI
PKK.DN.IDBDJ.2510.001027,0HM925000009,BANJARMASIN,BELUM VERIFIKASI
PKK.DN.IDBDJ.2510.001022,RI2025000038,BANJARMASIN,BELUM VERIFIKASI
PKK.DN.IDBDJ.2510.001020,EF9E25000049,BANJARMASIN,BELUM VERIFIKASI
PKK.DN.IDBDJ.2510.001017,R02725000034,BANJARMASIN,BELUM VERIFIKASI
PKK.DN.IDBDJ.2510.001013,G31Q25000037,BANJARMASIN,BELUM VERIFIKASI
PKK.DN.IDBDJ.2510.001005,TUCN25000006,BANJARMASIN,BELUM VERIFIKASI
PKK.DN.IDBDJ.2510.000992,MF1125000007,BANJARMASIN-TUKS,BELUM VERIFIKASI
PKK.DN.IDBDJ.2510.000990,XABH25000010,BANJARMASIN,BELUM VERIFIKASI
PKK.DN.IDBDJ.2510.000989,V22X25000004,BANJARMASIN,BELUM VERIFIKASI
PKK.DN.IDBDJ.2510.000987,YZVO25000016,BANJARMASIN,BELUM VERIFIKASI
PKK.DN.IDBDJ.2510.000979,I0EW25000063,BANJARMASIN,BELUM VERIFIKASI
PKK.DN.IDBDJ.2510.000976,GG9225000009,BANJARMASIN,BELUM VERIFIKASI
PKK.DN.IDBDJ.2510.000973,A0SP25000003,BANJARMASIN,BELUM VERIFIKASI
PKK.LN.IDBDJ.2510.000970,300Z25000006,BANJARMASIN,BELUM VERIFIKASI
PKK.DN.IDBDJ.2510.000943,ML0225000033,BANJARMASIN,BELUM VERIFIKASI
PKK.DN.IDBDJ.2510.000940,LNH325000033,BANJARMASIN,BELUM VERIFIKASI
PKK.DN.IDBDJ.2510.000938,888M25000028,BANJARMASIN,BELUM VERIFIKASI
PKK.DN.IDBDJ.2510.000933,ISA825000111,BANJARMASIN,BELUM VERIFIKASI
PKK.DN.IDBDJ.2510.000931,ZYGU25000003,BANJARMASIN,BELUM VERIFIKASI
PKK.DN.IDBDJ.2510.000930,40KI25000017,BANJARMASIN,BELUM VERIFIKASI
PKK.DN.IDBDJ.2510.000909,SOE725000030,BANJARMASIN,BELUM VERIFIKASI
PKK.DN.IDBDJ.2510.000900,BNNX25000039,BANJARMASIN,BELUM VERIFIKASI
PKK.DN.IDBDJ.2510.000893,VBGS25000016,BANJARMASIN,BELUM VERIFIKASI
PKK.DN.IDBDJ.2510.000888,TA2625000059,BANJARMASIN,BELUM VERIFIKASI
PKK.DN.IDBDJ.2510.000885,WLED25000028,BANJARMASIN,BELUM VERIFIKASI
PKK.DN.IDBDJ.2510.000861,O4CX25000024,BANJARMASIN,BELUM VERIFIKASI
PKK.DN.IDBDJ.2510.000840,KL3125000053,BANJARMASIN,BELUM VERIFIKASI
PKK.DN.IDBDJ.2510.000851,5MSV25000031,BANJARMASIN,BELUM VERIFIKASI
PKK.DN.IDBDJ.2510.000849,ZOE225000013,BANJARMASIN,BELUM VERIFIKASI
PKK.DN.IDBDJ.2510.000848,PTG325000024,BANJARMASIN,BELUM VERIFIKASI
PKK.DN.IDBDJ.2510.000832,S26525000030,BANJARMASIN,BELUM VERIFIKASI
PKK.DN.IDBDJ.2510.000808,GYKK25000016,BANJARMASIN,BELUM VERIFIKASI
PKK.DN.IDBDJ.2510.000804,WBPA25000018,BANJARMASIN,BELUM VERIFIKASI
PKK.DN.IDBDJ.2510.000800,MMHA25000032,BANJARMASIN,BELUM VERIFIKASI
PKK.DN.IDBDJ.2510.000796,TAXO25000017,BANJARMASIN,BELUM VERIFIKASI
PKK.DN.IDBDJ.2510.000794,EV1025000082,BANJARMASIN,BELUM VERIFIKASI
PKK.DN.IDBDJ.2510.000792,VSNM25000002,BANJARMASIN,BELUM VERIFIKASI
PKK.DN.IDBDJ.2510.000789,X3VU25000013,BANJARMASIN,BELUM VERIFIKASI
PKK.DN.IDBDJ.2510.000783,HWYI25000019,BANJARMASIN,BELUM VERIFIKASI
PKK.DN.IDBDJ.2510.000752,1L7525000009,BANJARMASIN,BELUM VERIFIKASI
PKK.DN.IDBDJ.2510.000749,111A25000002,BANJARMASIN,BELUM VERIFIKASI
PKK.DN.IDBDJ.2510.000725,RIM825000045,BANJARMASIN,BELUM VERIFIKASI
PKK.DN.IDBDJ.2510.000699,OR7V25000001,BANJARMASIN,BELUM VERIFIKASI
PKK.DN.IDBDJ.2510.000683,133B25000008,BANJARMASIN,BELUM VERIFIKASI
PKK.DN.IDBDJ.2510.000672,E2UL25000056,BANJARMASIN,BELUM VERIFIKASI
PKK.DN.IDBDJ.2510.000660,B4RM25000078,BANJARMASIN,BELUM VERIFIKASI
PKK.DN.IDBDJ.2510.000656,Z7N525000080,BANJARMASIN,BELUM VERIFIKASI
PKK.DN.IDBDJ.2510.000654,XMO025000087,BANJARMASIN,BELUM VERIFIKASI
PKK.DN.IDBDJ.2510.000652,TM2725000085,BANJARMASIN,BELUM VERIFIKASI
PKK.DN.IDBDJ.2510.000626,FXCR25000015,BANJARMASIN,BELUM VERIFIKASI
PKK.DN.IDBDJ.2510.000559,S95525000001,BANJARMASIN,BELUM VERIFIKASI
PKK.DN.IDBDJ.2510.000528,H0XN25000092,BANJARMASIN,BELUM VERIFIKASI
PKK.DN.IDBDJ.2510.000503,L30725000029,BANJARMASIN,BELUM VERIFIKASI
PKK.DN.IDBDJ.2510.000498,S9KN25000025,BANJARMASIN,BELUM VERIFIKASI
PKK.DN.IDBDJ.2510.000472,PE8G25000009,BANJARMASIN,BELUM VERIFIKASI
PKK.DN.IDBDJ.2510.000461,9XJ525000033,BANJARMASIN,BELUM VERIFIKASI
PKK.DN.IDBDJ.2510.000423,RM3025000045,BANJARMASIN,BELUM VERIFIKASI
PKK.DN.IDBDJ.2510.000390,G05825000063,BANJARMASIN,BELUM VERIFIKASI
PKK.DN.IDBDJ.2510.000385,255525000002,BANJARMASIN,BELUM VERIFIKASI
PKK.DN.IDBDJ.2510.000383,B82225000002,BANJARMASIN,BELUM VERIFIKASI
PKK.DN.IDBDJ.2510.000361,K31625000033,BANJARMASIN,BELUM VERIFIKASI
PKK.DN.IDBDJ.2510.000355,NBX225000039,BANJARMASIN,BELUM VERIFIKASI
PKK.DN.IDBDJ.2510.000340,GTR825000004,BANJARMASIN,BELUM VERIFIKASI
PKK.DN.IDBDJ.2510.000304,YISR25000104,BANJARMASIN,BELUM VERIFIKASI
PKK.DN.IDBDJ.2510.000280,RI3725000034,BANJARMASIN,BELUM VERIFIKASI
PKK.DN.IDBDJ.2510.000273,EH0325000056,BANJARMASIN,BELUM VERIFIKASI
PKK.DN.IDBDJ.2510.000236,2M6Y25000007,BANJARMASIN,BELUM VERIFIKASI
PKK.LN.IDBDJ.2510.000231,LAFT25000003,BANJARMASIN,BELUM VERIFIKASI
PKK.DN.IDBDJ.2510.000213,GOT125000017,BANJARMASIN,BELUM VERIFIKASI
PKK.DN.IDBDJ.2510.000178,PYJF25000014,BANJARMASIN,BELUM VERIFIKASI
PKK.DN.IDBDJ.2510.000151,111H25000014,BANJARMASIN,BELUM VERIFIKASI
PKK.DN.IDBDJ.2510.000137,071A25000007,BANJARMASIN,BELUM VERIFIKASI
PKK.DN.IDBDJ.2510.000097,ALYA25000010,BANJARMASIN,BELUM VERIFIKASI
PKK.DN.IDBDJ.2510.000086,ML0825000035,BANJARMASIN,BELUM VERIFIKASI
PKK.DN.IDBDJ.2510.000064,D25925000001,BANJARMASIN,BELUM VERIFIKASI
PKK.DN.IDBDJ.2510.000062,B24425000012,BANJARMASIN,BELUM VERIFIKASI
PKK.DN.IDBDJ.2509.004012,VBEH25000001,BANJARMASIN,BELUM VERIFIKASI
PKK.DN.IDBDJ.2509.004008,RJVG25000092,BANJARMASIN,BELUM VERIFIKASI
PKK.DN.IDBDJ.2509.003983,GPOL25000004,BANJARMASIN,BELUM VERIFIKASI
PKK.DN.IDBDJ.2509.003940,4QAW25000026,BANJARMASIN,BELUM VERIFIKASI
PKK.DN.IDBDJ.2509.003904,7F5Y25000013,BANJARMASIN,BELUM VERIFIKASI
PKK.DN.IDBDJ.2509.003850,LPHJ25000017,BANJARMASIN,BELUM VERIFIKASI
PKK.DN.IDBDJ.2509.003826,D01125000064,BANJARMASIN,BELUM VERIFIKASI
PKK.DN.IDBDJ.2509.003808,EMMR25000033,BANJARMASIN,BELUM VERIFIKASI
PKK.DN.IDBDJ.2509.003795,PG2X25000005,BANJARMASIN,BELUM VERIFIKASI
PKK.DN.IDBDJ.2509.003779,AAUR25000046,BANJARMASIN,BELUM VERIFIKASI
PKK.DN.IDBDJ.2509.003683,6ZHW25000046,BANJARMASIN,BELUM VERIFIKASI
PKK.DN.IDBDJ.2509.003649,LTCI25000021,BANJARMASIN,BELUM VERIFIKASI
PKK.DN.IDBDJ.2509.003515,0API25000001,BANJARMASIN,BELUM VERIFIKASI
PKK.DN.IDBDJ.2509.003503,SA9225000002,BANJARMASIN,BELUM VERIFIKASI
PKK.DN.IDBJU.2510.000073,MF1023000149,ZONA TANJUNG WANGI,BELUM VERIFIKASI
PKK.DN.IDBJU.2510.000071,UQVL23000004,ZONA TANJUNG WANGI,BELUM VERIFIKASI
PKK.DN.IDBJU.2510.000069,DT1123000003,ZONA TANJUNG WANGI,BELUM VERIFIKASI
PKK.DN.IDBJU.2510.000043,240F23000001,ZONA TANJUNG WANGI,BELUM VERIFIKASI
PKK.DN.IDBJU.2510.000035,P0IL23000030,ZONA TANJUNG WANGI,BELUM VERIFIKASI
PKK.DN.IDBJU.2509.000120,WHP323000002,ZONA TANJUNG WANGI,BELUM VERIFIKASI
PKK.LN.IDSUB.2510.000523,BDH613000009,ZONA SURABAYA,BELUM VERIFIKASI
PKK.DN.IDGRE.2510.000390,USJ913000022,ZONA GRESIK,BELUM VERIFIKASI
PKK.LN.IDSUB.2510.000508,585S13000002,ZONA SURABAYA,BELUM VERIFIKASI
PKK.DN.IDSUB.2510.000507,MU0013000288,ZONA SURABAYA,BELUM VERIFIKASI
PKK.DN.IDSUB.2510.000506,DO0013000356,ZONA SURABAYA,BELUM VERIFIKASI
PKK.DN.IDSUB.2510.000504,TA8813000002,ZONA SURABAYA,BELUM VERIFIKASI
PKK.DN.IDSUB.2510.000501,MK6V13000108,ZONA SURABAYA,BELUM VERIFIKASI
PKK.DN.IDSUB.2510.000500,DKI013000272,ZONA SURABAYA,BELUM VERIFIKASI
PKK.LN.IDSUB.2510.000499,Y2NX13000035,ZONA SURABAYA,BELUM VERIFIKASI
PKK.DN.IDSUB.2510.000498,UI3V13000010,ZONA SURABAYA,BELUM VERIFIKASI
PKK.DN.IDSUB.2510.000497,PE0013000028,ZONA SURABAYA,BELUM VERIFIKASI
PKK.DN.IDGRE.2510.000369,DB3313000005,ZONA GRESIK,BELUM VERIFIKASI
PKK.DN.IDSUB.2510.000494,BOXE13000005,ZONA SURABAYA,BELUM VERIFIKASI
PKK.DN.IDSUB.2510.000492,KM5513000012,ZONA SURABAYA,BELUM VERIFIKASI
PKK.DN.IDGRE.2510.000365,U97613000009,ZONA GRESIK,BELUM VERIFIKASI
PKK.DN.IDGRE.2510.000364,IO1T13000001,ZONA GRESIK,BELUM VERIFIKASI
PKK.LN.IDSUB.2510.000489,KY0013000018,ZONA SURABAYA,BELUM VERIFIKASI
PKK.DN.IDSUB.2510.000487,K94P13000099,ZONA SURABAYA,BELUM VERIFIKASI
PKK.DN.IDGRE.2510.000359,330813000004,ZONA GRESIK,BELUM VERIFIKASI
PKK.DN.IDGRE.2510.000356,INBU13000014,ZONA GRESIK,BELUM VERIFIKASI
PKK.DN.IDSUB.2510.000486,HSI013000029,ZONA SURABAYA,BELUM VERIFIKASI
PKK.DN.IDSUB.2510.000485,FI1113000046,ZONA SURABAYA,BELUM VERIFIKASI
PKK.DN.IDSUB.2510.000483,PS0013000050,ZONA SURABAYA,BELUM VERIFIKASI
PKK.LN.IDSUB.2510.000482,TQ5T13000010,ZONA SURABAYA,BELUM VERIFIKASI
PKK.DN.IDGRE.2510.000354,RX0013000145,ZONA GRESIK,BELUM VERIFIKASI
PKK.LN.IDSUB.2510.000481,2QGW13000004,ZONA SURABAYA,BELUM VERIFIKASI
PKK.DN.IDGRE.2510.000353,UV0013000024,ZONA GRESIK,BELUM VERIFIKASI
PKK.DN.IDGRE.2510.000350,FY7L13000300,ZONA GRESIK,BELUM VERIFIKASI
PKK.DN.IDGRE.2510.000347,0HOS13000001,ZONA GRESIK,BELUM VERIFIKASI
PKK.DN.IDSUB.2510.000477,OR0013000049,ZONA SURABAYA,BELUM VERIFIKASI
PKK.DN.IDSUB.2510.000470,666M13000046,ZONA SURABAYA,BELUM VERIFIKASI
PKK.DN.IDSUB.2510.000469,IP0013000091,ZONA SURABAYA,BELUM VERIFIKASI
PKK.DN.IDSUB.2510.000467,C13313000016,ZONA SURABAYA,BELUM VERIFIKASI
PKK.DN.IDSUB.2510.000464,SI8813000033,ZONA SURABAYA,BELUM VERIFIKASI
PKK.DN.IDSUB.2510.000461,S25313000006,ZONA SURABAYA,BELUM VERIFIKASI
PKK.DN.IDSUB.2510.000460,NN0013000011,ZONA SURABAYA,BELUM VERIFIKASI
PKK.DN.IDGRE.2510.000340,B11113000012,ZONA GRESIK,BELUM VERIFIKASI
PKK.DN.IDSUB.2510.000459,121J13000004,ZONA SURABAYA,BELUM VERIFIKASI
PKK.LN.IDSUB.2510.000458,68ZO13000023,ZONA SURABAYA,BELUM VERIFIKASI
PKK.DN.IDSUB.2510.000455,S21713000076,ZONA SURABAYA,BELUM VERIFIKASI
PKK.DN.IDSUB.2510.000454,OS2213000055,ZONA SURABAYA,BELUM VERIFIKASI
PKK.DN.IDSUB.2510.000451,TS8813000037,ZONA SURABAYA,BELUM VERIFIKASI
PKK.DN.IDSUB.2510.000450,BA4413000053,ZONA SURABAYA,BELUM VERIFIKASI
PKK.DN.IDSUB.2510.000447,MG5K13000034,ZONA SURABAYA,BELUM VERIFIKASI
PKK.DN.IDSUB.2510.000444,111I13000021,ZONA SURABAYA,BELUM VERIFIKASI
PKK.DN.IDGRE.2510.000325,X8ZK13000007,ZONA GRESIK,BELUM VERIFIKASI
PKK.DN.IDGRE.2510.000323,Z81K13000031,ZONA GRESIK,BELUM VERIFIKASI
PKK.DN.IDGRE.2510.000321,S25113000022,ZONA GRESIK,BELUM VERIFIKASI
PKK.DN.IDGRE.2510.000320,T00013000024,ZONA GRESIK,BELUM VERIFIKASI
PKK.DN.IDSUB.2510.000441,G00013000009,ZONA SURABAYA,BELUM VERIFIKASI
PKK.DN.IDGRE.2510.000317,AB3313000024,ZONA GRESIK,BELUM VERIFIKASI
PKK.DN.IDGRE.2510.000316,POX313000030,ZONA GRESIK,BELUM VERIFIKASI
PKK.DN.IDSUB.2510.000426,POX613000031,ZONA SURABAYA,BELUM VERIFIKASI
PKK.DN.IDGRE.2510.000312,0SNH13000290,ZONA GRESIK,BELUM VERIFIKASI
PKK.DN.IDSUB.2510.000419,D02213000033,ZONA SURABAYA,BELUM VERIFIKASI
PKK.DN.IDSUB.2510.000417,MPK913000057,ZONA SURABAYA,BELUM VERIFIKASI
PKK.DN.IDSUB.2510.000416,1C1L13000080,ZONA SURABAYA,BELUM VERIFIKASI
PKK.DN.IDGRE.2510.000307,MA8R13000011,ZONA GRESIK,BELUM VERIFIKASI
PKK.DN.IDSUB.2510.000413,DM6613000042,ZONA SURABAYA,BELUM VERIFIKASI
PKK.DN.IDSUB.2510.000408,PS5513000002,ZONA SURABAYA,BELUM VERIFIKASI
PKK.DN.IDSUB.2510.000411,333L13000043,ZONA SURABAYA,BELUM VERIFIKASI
PKK.DN.IDSUB.2510.000407,MLRI13000029,ZONA SURABAYA,BELUM VERIFIKASI
PKK.DN.IDSUB.2510.000401,CJH213000051,ZONA SURABAYA,BELUM VERIFIKASI
PKK.LN.IDSUB.2510.000399,F0KJ13000002,ZONA SURABAYA,BELUM VERIFIKASI
PKK.DN.IDGRE.2510.000295,7U3L13000014,ZONA GRESIK,BELUM VERIFIKASI
PKK.DN.IDSUB.2510.000397,222R13000077,ZONA SURABAYA,BELUM VERIFIKASI
PKK.DN.IDGRE.2510.000292,U09713000024,ZONA GRESIK,BELUM VERIFIKASI
PKK.DN.IDGRE.2510.000286,434M13000005,ZONA GRESIK,BELUM VERIFIKASI
PKK.DN.IDSUB.2510.000396,MDO913000057,ZONA SURABAYA,BELUM VERIFIKASI
PKK.DN.IDSUB.2510.000394,PV7Z13000012,ZONA SURABAYA,BELUM VERIFIKASI
PKK.DN.IDGRE.2510.000285,IC4413000012,ZONA GRESIK,BELUM VERIFIKASI
PKK.LN.IDGRE.2510.000284,2FOH13000001,ZONA GRESIK,BELUM VERIFIKASI
PKK.LN.IDGRE.2510.000282,MH6313000002,ZONA GRESIK,BELUM VERIFIKASI
PKK.DN.IDGRE.2510.000278,LPOO13000023,ZONA GRESIK,BELUM VERIFIKASI
PKK.DN.IDSUB.2510.000388,SN3913000003,ZONA SURABAYA,BELUM VERIFIKASI
PKK.LN.IDGRE.2510.000277,M04613000002,ZONA GRESIK,BELUM VERIFIKASI
PKK.DN.IDGRE.2510.000276,AA0013000011,ZONA GRESIK,BELUM VERIFIKASI
PKK.DN.IDGRE.2510.000275,O24I13000006,ZONA GRESIK,BELUM VERIFIKASI
PKK.DN.IDSUB.2510.000384,KB0013000061,ZONA SURABAYA,BELUM VERIFIKASI
PKK.DN.IDGRE.2510.000171,APRY13000006,ZONA GRESIK,BELUM VERIFIKASI
PKK.DN.IDGRE.2510.000271,BUYG13000029,ZONA GRESIK,BELUM VERIFIKASI
PKK.DN.IDGRE.2510.000270,YN1113000008,ZONA GRESIK,BELUM VERIFIKASI
PKK.DN.IDGRE.2510.000266,R0P213000024,ZONA GRESIK,BELUM VERIFIKASI
PKK.LN.IDGRE.2510.000263,13FO13000001,ZONA GRESIK,BELUM VERIFIKASI
PKK.DN.IDSUB.2510.000381,222K13000072,ZONA SURABAYA,BELUM VERIFIKASI
PKK.DN.IDGRE.2510.000262,131H13000009,ZONA GRESIK,BELUM VERIFIKASI
PKK.LN.IDGRE.2510.000260,MCC913000002,ZONA GRESIK,BELUM VERIFIKASI
PKK.DN.IDGRE.2510.000259,181P13000013,ZONA GRESIK,BELUM VERIFIKASI
PKK.DN.IDGRE.2510.000257,TB0013000034,ZONA GRESIK,BELUM VERIFIKASI
PKK.DN.IDGRE.2510.000254,SV1113000012,ZONA GRESIK,BELUM VERIFIKASI
PKK.DN.IDSUB.2510.000376,AC4113000069,ZONA SURABAYA,BELUM VERIFIKASI
PKK.DN.IDSUB.2510.000364,414K13000053,ZONA SURABAYA,BELUM VERIFIKASI
PKK.DN.IDSUB.2510.000360,R7UJ13000019,ZONA SURABAYA,BELUM VERIFIKASI
PKK.DN.IDSUB.2510.000358,AG1913000006,ZONA SURABAYA,BELUM VERIFIKASI
PKK.DN.IDGRE.2510.000248,SHE313000015,ZONA GRESIK,BELUM VERIFIKASI
PKK.DN.IDGRE.2510.000246,HC0313000021,ZONA GRESIK,BELUM VERIFIKASI
PKK.DN.IDSUB.2510.000354,7QHL13000001,ZONA GRESIK,BELUM VERIFIKASI
PKK.DN.IDSUB.2510.000349,KN1913000022,ZONA SURABAYA,BELUM VERIFIKASI
PKK.LN.IDGRE.2510.000244,MN3313000012,ZONA GRESIK,BELUM VERIFIKASI
PKK.LN.IDGRE.2510.000243,0CZL13000001,ZONA GRESIK,BELUM VERIFIKASI
PKK.LN.IDSUB.2510.000341,MV3713000001,ZONA SURABAYA,BELUM VERIFIKASI
PKK.DN.IDGRE.2510.000239,S33313000004,ZONA GRESIK,BELUM VERIFIKASI
PKK.DN.IDSUB.2510.000340,FM0013000024,ZONA SURABAYA,BELUM VERIFIKASI
PKK.DN.IDSUB.2510.000336,CM1713000030,ZONA SURABAYA,BELUM VERIFIKASI
PKK.DN.IDGRE.2510.000230,RJGB13000005,ZONA GRESIK,BELUM VERIFIKASI
PKK.DN.IDSUB.2510.000333,TSI413000058,ZONA SURABAYA,BELUM VERIFIKASI
PKK.DN.IDGRE.2510.000227,RQA213000002,ZONA GRESIK,BELUM VERIFIKASI
PKK.DN.IDSUB.2510.000323,9IID13000076,ZONA SURABAYA,BELUM VERIFIKASI
PKK.DN.IDSUB.2510.000321,KAY813000004,ZONA SURABAYA,BELUM VERIFIKASI
PKK.DN.IDGRE.2510.000222,S16213000003,ZONA GRESIK,BELUM VERIFIKASI
PKK.DN.IDGRE.2510.000221,DVV013000006,ZONA GRESIK,BELUM VERIFIKASI
PKK.LN.IDGRE.2510.000218,IVY913000001,ZONA GRESIK,BELUM VERIFIKASI
PKK.DN.IDGRE.2510.000217,L3RK13000005,ZONA GRESIK,BELUM VERIFIKASI
PKK.DN.IDGRE.2510.000215,SX5513000035,ZONA GRESIK,BELUM VERIFIKASI
PKK.DN.IDSUB.2510.000314,ML0013000067,ZONA SURABAYA,BELUM VERIFIKASI
PKK.LN.IDSUB.2510.000103,HGFD13000002,ZONA SURABAYA,BELUM VERIFIKASI
PKK.DN.IDSUB.2510.000308,LN5013000021,ZONA SURABAYA,BELUM VERIFIKASI
PKK.DN.IDSUB.2510.000305,KN3013000025,ZONA SURABAYA,BELUM VERIFIKASI
PKK.DN.IDGRE.2510.000206,RS1Y13000008,ZONA GRESIK,BELUM VERIFIKASI
PKK.DN.IDSUB.2510.000303,BTX113000052,ZONA SURABAYA,BELUM VERIFIKASI
PKK.DN.IDGRE.2510.000199,B26613000017,ZONA GRESIK,BELUM VERIFIKASI
PKK.DN.IDSUB.2510.000301,222H13000034,ZONA SURABAYA,BELUM VERIFIKASI
PKK.DN.IDGRE.2510.000198,S21013000013,ZONA GRESIK,BELUM VERIFIKASI
PKK.DN.IDGRE.2510.000190,DD1113000003,ZONA GRESIK,BELUM VERIFIKASI
PKK.DN.IDSUB.2510.000290,MJ8J13000055,ZONA SURABAYA,BELUM VERIFIKASI
PKK.DN.IDGRE.2510.000189,BA2J13000017,ZONA GRESIK,BELUM VERIFIKASI
PKK.DN.IDSUB.2510.000289,NP5513000007,ZONA SURABAYA,BELUM VERIFIKASI
PKK.DN.IDSUB.2510.000274,9EUI13000008,ZONA SURABAYA,BELUM VERIFIKASI
PKK.DN.IDSUB.2510.000270,LO0313000001,ZONA SURABAYA,BELUM VERIFIKASI
PKK.DN.IDSUB.2510.000268,B13313000015,ZONA SURABAYA,BELUM VERIFIKASI
PKK.DN.IDGRE.2510.000176,JPJT13000015,ZONA GRESIK,BELUM VERIFIKASI
PKK.DN.IDSUB.2510.000264,NJQU13000002,ZONA SURABAYA,BELUM VERIFIKASI
PKK.DN.IDGRE.2510.000172,WDXJ13000018,ZONA GRESIK,BELUM VERIFIKASI
PKK.DN.IDGRE.2510.000170,MEO113000008,ZONA GRESIK,BELUM VERIFIKASI
PKK.DN.IDGRE.2510.000167,BWIT13000035,ZONA GRESIK,BELUM VERIFIKASI
PKK.DN.IDSUB.2510.000260,73ET13000014,ZONA SURABAYA,BELUM VERIFIKASI
PKK.DN.IDGRE.2510.000164,K7DL13000008,ZONA GRESIK,BELUM VERIFIKASI
PKK.DN.IDGRE.2510.000159,UHG813000015,ZONA GRESIK,BELUM VERIFIKASI
PKK.DN.IDSUB.2510.000259,S09913000062,ZONA SURABAYA,BELUM VERIFIKASI
PKK.DN.IDSUB.2510.000258,AMND13000042,ZONA SURABAYA,BELUM VERIFIKASI
PKK.DN.IDGRE.2510.000157,AG0313000028,ZONA GRESIK,BELUM VERIFIKASI
PKK.DN.IDSUB.2510.000251,LLK013000035,ZONA SURABAYA,BELUM VERIFIKASI
PKK.DN.IDSUB.2510.000247,TE0013000041,ZONA SURABAYA,BELUM VERIFIKASI
PKK.DN.IDSUB.2510.000243,0SNH13000289,ZONA SURABAYA,BELUM VERIFIKASI
PKK.DN.IDGRE.2510.000154,JYU213000001,ZONA GRESIK,BELUM VERIFIKASI
PKK.DN.IDSUB.2510.000238,OIGO13000059,ZONA SURABAYA,BELUM VERIFIKASI
PKK.LN.IDGRE.2510.000152,MMG913000001,ZONA GRESIK,BELUM VERIFIKASI
PKK.LN.IDSUB.2510.000233,ZNMU13000018,ZONA SURABAYA,BELUM VERIFIKASI
PKK.DN.IDSUB.2510.000232,MDK713000066,ZONA SURABAYA,BELUM VERIFIKASI
PKK.DN.IDGRE.2510.000149,YDM213000016,ZONA GRESIK,BELUM VERIFIKASI
PKK.DN.IDGRE.2510.000148,BT1013000016,ZONA GRESIK,BELUM VERIFIKASI
PKK.DN.IDGRE.2510.000142,W2DD13000008,ZONA GRESIK,BELUM VERIFIKASI
PKK.DN.IDSUB.2510.000220,RR4413000001,ZONA SURABAYA,BELUM VERIFIKASI
PKK.DN.IDSUB.2510.000219,SI6613000021,ZONA SURABAYA,BELUM VERIFIKASI
PKK.DN.IDSUB.2510.000213,FI0013000053,ZONA SURABAYA,BELUM VERIFIKASI
PKK.DN.IDGRE.2510.000136,AG5513000007,ZONA GRESIK,BELUM VERIFIKASI
PKK.LN.IDSUB.2510.000200,F3WW13000005,ZONA SURABAYA,BELUM VERIFIKASI
PKK.DN.IDSUB.2510.000195,KN7713000019,ZONA SURABAYA,BELUM VERIFIKASI
PKK.DN.IDGRE.2510.000134,SAEI13000010,ZONA GRESIK,BELUM VERIFIKASI
PKK.DN.IDSUB.2510.000188,SLU813000005,ZONA SURABAYA,BELUM VERIFIKASI
PKK.DN.IDGRE.2510.000126,SG3I13000019,ZONA GRESIK,BELUM VERIFIKASI
PKK.DN.IDGRE.2510.000119,DS8113000015,ZONA GRESIK,BELUM VERIFIKASI
PKK.DN.IDSUB.2510.000177,GS3013000001,ZONA SURABAYA,BELUM VERIFIKASI
PKK.DN.IDSUB.2510.000146,ROB513000001,ZONA SURABAYA,BELUM VERIFIKASI
PKK.DN.IDSUB.2510.000129,SB6613000034,ZONA SURABAYA,BELUM VERIFIKASI
PKK.DN.IDSUB.2510.000128,7EVF13000001,ZONA GRESIK,BELUM VERIFIKASI
PKK.DN.IDSUB.2510.000125,T02613000033,ZONA SURABAYA,BELUM VERIFIKASI
PKK.DN.IDGRE.2510.000073,PCA113000019,ZONA GRESIK,BELUM VERIFIKASI
PKK.DN.IDSUB.2510.000093,KE0013000012,ZONA SURABAYA,BELUM VERIFIKASI
PKK.DN.IDSUB.2510.000092,K80013000005,ZONA SURABAYA,BELUM VERIFIKASI
PKK.DN.IDGRE.2510.000070,DKII13000013,ZONA GRESIK,BELUM VERIFIKASI
PKK.DN.IDGRE.2510.000067,EBTF13000001,ZONA GRESIK,BELUM VERIFIKASI
PKK.DN.IDSUB.2510.000084,OV0313000003,ZONA SURABAYA,BELUM VERIFIKASI
PKK.DN.IDSUB.2510.000082,PL8E13000001,ZONA GRESIK,BELUM VERIFIKASI
PKK.DN.IDSUB.2510.000079,5G9513000002,ZONA SURABAYA,BELUM VERIFIKASI
PKK.DN.IDGRE.2510.000058,666N13000017,ZONA GRESIK,BELUM VERIFIKASI
PKK.DN.IDSUB.2510.000070,S27213000016,ZONA SURABAYA,BELUM VERIFIKASI
PKK.DN.IDSUB.2510.000063,101N13000014,ZONA SURABAYA,BELUM VERIFIKASI
PKK.DN.IDSUB.2510.000061,K25113000007,ZONA SURABAYA,BELUM VERIFIKASI
PKK.DN.IDGRE.2510.000051,VCRY13000008,ZONA GRESIK,BELUM VERIFIKASI
PKK.DN.IDSUB.2510.000054,222A13000002,ZONA SURABAYA,BELUM VERIFIKASI
PKK.LN.IDSUB.2510.000048,BXRZ13000001,ZONA SURABAYA,BELUM VERIFIKASI
PKK.DN.IDGRE.2510.000043,SPRK13000012,ZONA GRESIK,BELUM VERIFIKASI
PKK.DN.IDGRE.2510.000038,ZCS913000027,ZONA GRESIK,BELUM VERIFIKASI
PKK.DN.IDGRE.2510.000037,MAB413000003,ZONA GRESIK,BELUM VERIFIKASI
PKK.DN.IDGRE.2510.000033,TSX013000017,ZONA GRESIK,BELUM VERIFIKASI
PKK.DN.IDSUB.2510.000025,GL2313000012,ZONA SURABAYA,BELUM VERIFIKASI
PKK.DN.IDGRE.2510.000026,H8LF13000006,ZONA GRESIK,BELUM VERIFIKASI
PKK.DN.IDGRE.2510.000024,E32213000002,ZONA GRESIK,BELUM VERIFIKASI
PKK.DN.IDSUB.2508.000655,KAM213000002,ZONA SURABAYA,BELUM VERIFIKASI
PKK.DN.IDSUB.2506.000481,RM3213000005,ZONA GRESIK,BELUM VERIFIKASI
PKK.DN.IDGRE.2510.000014,F19A13000002,ZONA GRESIK,BELUM VERIFIKASI
PKK.DN.IDGRE.2510.000008,Y1SO13000014,ZONA GRESIK,BELUM VERIFIKASI
PKK.DN.IDSUB.2510.000001,MQY613000012,ZONA SURABAYA,BELUM VERIFIKASI
PKK.DN.IDSUB.2509.001217,PR8A13000008,ZONA SURABAYA,BELUM VERIFIKASI
PKK.DN.IDGRE.2509.000853,SP0013000012,ZONA GRESIK,BELUM VERIFIKASI
PKK.DN.IDGRE.2509.000848,XKTA13000003,ZONA GRESIK,BELUM VERIFIKASI
PKK.DN.IDGRE.2509.000843,BJA913000004,ZONA GRESIK,BELUM VERIFIKASI
PKK.DN.IDSUB.2509.001202,B45213000004,ZONA SURABAYA,BELUM VERIFIKASI
PKK.DN.IDSUB.2509.001198,VS0013000026,ZONA SURABAYA,BELUM VERIFIKASI
PKK.DN.IDSUB.2509.001197,TS4413000027,ZONA SURABAYA,BELUM VERIFIKASI
PKK.DN.IDGRE.2509.000832,K02813000007,ZONA GRESIK,BELUM VERIFIKASI
PKK.DN.IDGRE.2509.000831,ZOZC13000010,ZONA GRESIK,BELUM VERIFIKASI
PKK.DN.IDGRE.2509.000824,CGDM13000003,ZONA GRESIK,BELUM VERIFIKASI
PKK.DN.IDSUB.2509.001194,999P13000015,ZONA SURABAYA,BELUM VERIFIKASI
PKK.DN.IDSUB.2509.001191,PZV013000001,ZONA SURABAYA,BELUM VERIFIKASI
PKK.DN.IDSUB.2509.001190,P86613000032,ZONA SURABAYA,BELUM VERIFIKASI
PKK.DN.IDSUB.2509.001187,IN3313000012,ZONA SURABAYA,BELUM VERIFIKASI
PKK.DN.IDGRE.2509.000813,RKA513000003,ZONA GRESIK,BELUM VERIFIKASI
PKK.DN.IDSUB.2509.001179,SB1313000001,ZONA SURABAYA,BELUM VERIFIKASI
PKK.DN.IDGRE.2509.000805,TSX613000026,ZONA GRESIK,BELUM VERIFIKASI
PKK.DN.IDGRE.2509.000801,KXWD13000007,ZONA GRESIK,BELUM VERIFIKASI
PKK.DN.IDSUB.2509.001163,FA1113000037,ZONA SURABAYA,BELUM VERIFIKASI
PKK.DN.IDGRE.2509.000793,SX9913000035,ZONA GRESIK,BELUM VERIFIKASI
PKK.DN.IDSUB.2509.001154,CN1A13000014,ZONA SURABAYA,BELUM VERIFIKASI
PKK.DN.IDSUB.2509.001153,K12213000011,ZONA SURABAYA,BELUM VERIFIKASI
PKK.DN.IDSUB.2509.001149,II2213000016,ZONA SURABAYA,BELUM VERIFIKASI
PKK.DN.IDSUB.2509.001146,MK3313000072,ZONA SURABAYA,BELUM VERIFIKASI
PKK.DN.IDGRE.2509.000765,DBDA13000015,ZONA GRESIK,BELUM VERIFIKASI
PKK.DN.IDSUB.2509.001080,SKU013000006,ZONA SURABAYA,BELUM VERIFIKASI
PKK.DN.IDGRE.2509.000734,SMN213000016,ZONA GRESIK,BELUM VERIFIKASI
PKK.DN.IDGRE.2509.000716,VFW713000006,ZONA GRESIK,BELUM VERIFIKASI
PKK.DN.IDGRE.2509.000701,RDDB13000009,ZONA GRESIK,BELUM VERIFIKASI
PKK.DN.IDSRG.2510.000137,2D1I09000008,ZONA SEMARANG,BELUM VERIFIKASI
PKK.DN.IDSRG.2510.000132,MG0009000020,ZONA SEMARANG,BELUM VERIFIKASI
PKK.DN.IDSRG.2510.000128,V9AO09000079,ZONA SEMARANG,BELUM VERIFIKASI
PKK.LN.IDSRG.2510.000127,M53009000005,ZONA SEMARANG,BELUM VERIFIKASI
PKK.LN.IDSRG.2510.000126,M34709000003,ZONA SEMARANG,BELUM VERIFIKASI
PKK.DN.IDSRG.2510.000123,KQHI09000025,ZONA SEMARANG,BELUM VERIFIKASI
PKK.DN.IDSRG.2510.000121,DF2109000141,ZONA SEMARANG,BELUM VERIFIKASI
PKK.DN.IDSRG.2510.000115,SGKL09000016,ZONA SEMARANG,BELUM VERIFIKASI
PKK.LN.IDSRG.2510.000113,YI2209000018,ZONA SEMARANG,BELUM VERIFIKASI
PKK.DN.IDSRG.2510.000105,GBWE09000002,ZONA SEMARANG,BELUM VERIFIKASI
PKK.LN.IDSRG.2510.000101,XA6W09000001,ZONA SEMARANG,BELUM VERIFIKASI
PKK.DN.IDSRG.2510.000099,ID8109000025,ZONA SEMARANG,BELUM VERIFIKASI
PKK.LN.IDSRG.2510.000094,MPP109000011,ZONA SEMARANG,BELUM VERIFIKASI
PKK.DN.IDSRG.2510.000090,PT5509000023,ZONA SEMARANG,BELUM VERIFIKASI
PKK.DN.IDSRG.2510.000085,S06909000003,ZONA SEMARANG,BELUM VERIFIKASI
PKK.LN.IDSRG.2510.000084,MPB609000001,ZONA SEMARANG,BELUM VERIFIKASI
PKK.DN.IDSRG.2510.000077,NXXQ09000013,ZONA SEMARANG,BELUM VERIFIKASI
PKK.DN.IDSRG.2509.000354,8RZN09000011,ZONA SEMARANG,BELUM VERIFIKASI
PKK.DN.IDSRG.2509.000309,05HG09000009,ZONA SEMARANG,BELUM VERIFIKASI
PKK.DN.IDSRG.2509.000219,ROZJ09000013,ZONA SEMARANG,BELUM VERIFIKASI
PKK.DN.IDSRG.2509.000214,6YYA09000003,ZONA SEMARANG,BELUM VERIFIKASI
PKK.DN.IDSRG.2509.000177,JEO809000001,ZONA SEMARANG,BELUM VERIFIKASI
PKK.DN.IDSRG.2509.000106,1M0R09000005,ZONA SEMARANG,BELUM VERIFIKASI
PKK.LN.IDSRG.2308.000298,VIMC09000001,ZONA SEMARANG,BELUM VERIFIKASI
